<cz.cuni.mff.xrg.odcs.commons.app.pipeline.Pipeline>
  <description></description>
  <executions class="org.eclipse.persistence.indirection.IndirectSet"/>
  <graph>
    <edges>
      <cz.cuni.mff.xrg.odcs.commons.app.pipeline.graph.Edge>
        <from>
          <dpuInstance>
            <description></description>
            <menuName>attx-t-framingservice</menuName>
            <messageRecords class="org.eclipse.persistence.indirection.IndirectSet"/>
            <name>attx-t-framingservice</name>
            <node reference="../.."/>
            <rawConf>&lt;object-stream&gt;
  &lt;MasterConfigObject&gt;
    &lt;configurations&gt;
      &lt;entry&gt;
        &lt;string&gt;dpu_config&lt;/string&gt;
        &lt;string&gt;&amp;lt;object-stream&amp;gt;
  &amp;lt;org.uh.hulib.attx.wc.uv.t.framingservice.FramingServiceConfig__V1&amp;gt;
    &amp;lt;docType&amp;gt;testdoc4&amp;lt;/docType&amp;gt;
    &amp;lt;configuration&amp;gt;{
  &amp;amp;quot;@context&amp;amp;quot;: {
    &amp;amp;quot;dc&amp;amp;quot;: &amp;amp;quot;http://purl.org/dc/elements/1.1/&amp;amp;quot;,
    &amp;amp;quot;ex&amp;amp;quot;: &amp;amp;quot;http://example.org/vocab#&amp;amp;quot;,
    &amp;amp;quot;dct&amp;amp;quot;: &amp;amp;quot;http://purl.org/dc/terms/&amp;amp;quot;,
    &amp;amp;quot;work&amp;amp;quot;: &amp;amp;quot;http://data.hulib.helsinki.fi/attx/work#&amp;amp;quot;,
    &amp;amp;quot;title&amp;amp;quot;: &amp;amp;quot;dct:title&amp;amp;quot;

  },
  &amp;amp;quot;@type&amp;amp;quot;: &amp;amp;quot;work:Publication&amp;amp;quot;,
  &amp;amp;quot;@explicit&amp;amp;quot;: true,
  &amp;amp;quot;@requireAll&amp;amp;quot;: false,
  &amp;amp;quot;title&amp;amp;quot;: &amp;amp;quot;&amp;amp;quot;,
  &amp;amp;quot;version&amp;amp;quot;: {&amp;amp;quot;@default&amp;amp;quot;: &amp;amp;quot;4.0&amp;amp;quot;}
}&amp;lt;/configuration&amp;gt;
  &amp;lt;/org.uh.hulib.attx.wc.uv.t.framingservice.FramingServiceConfig__V1&amp;gt;
&amp;lt;/object-stream&amp;gt;&lt;/string&gt;
      &lt;/entry&gt;
    &lt;/configurations&gt;
  &lt;/MasterConfigObject&gt;
&lt;/object-stream&gt;</rawConf>
            <template>
              <description></description>
              <jarName>attx-t-framingservice-1.0-SNAPSHOT.jar</jarName>
              <menuName>attx-t-framingservice</menuName>
              <name>attx-t-framingservice</name>
              <rawConf>&lt;object-stream&gt;
  &lt;MasterConfigObject&gt;
    &lt;configurations&gt;
      &lt;entry&gt;
        &lt;string&gt;dpu_config&lt;/string&gt;
        &lt;string&gt;&amp;lt;object-stream&amp;gt;
  &amp;lt;org.uh.hulib.attx.wc.uv.t.framingservice.FramingServiceConfig__V1&amp;gt;
    &amp;lt;docType&amp;gt;&amp;lt;/docType&amp;gt;
    &amp;lt;configuration&amp;gt;&amp;lt;/configuration&amp;gt;
  &amp;lt;/org.uh.hulib.attx.wc.uv.t.framingservice.FramingServiceConfig__V1&amp;gt;
&amp;lt;/object-stream&amp;gt;&lt;/string&gt;
      &lt;/entry&gt;
    &lt;/configurations&gt;
  &lt;/MasterConfigObject&gt;
&lt;/object-stream&gt;</rawConf>
              <useDPUDescription>false</useDPUDescription>
            </template>
            <useDPUDescription>false</useDPUDescription>
            <useTemplateConfig>false</useTemplateConfig>
          </dpuInstance>
          <executions class="org.eclipse.persistence.indirection.IndirectSet"/>
          <graph reference="../../../.."/>
          <position>
            <x>438</x>
            <y>167</y>
          </position>
        </from>
        <graph reference="../../.."/>
        <script>fileURI -&gt; uriInput;</script>
        <to>
          <dpuInstance>
            <description></description>
            <menuName>attx-l-publishtoapi</menuName>
            <messageRecords class="org.eclipse.persistence.indirection.IndirectSet"/>
            <name>attx-l-publishtoapi</name>
            <node reference="../.."/>
            <rawConf>&lt;object-stream&gt;
  &lt;MasterConfigObject&gt;
    &lt;configurations&gt;
      &lt;entry&gt;
        &lt;string&gt;dpu_config&lt;/string&gt;
        &lt;string&gt;&amp;lt;object-stream&amp;gt;
  &amp;lt;org.uh.hulib.attx.wc.uv.l.publishtoapi.PublishToAPIConfig__V1&amp;gt;
    &amp;lt;alias&amp;gt;testindex&amp;lt;/alias&amp;gt;
  &amp;lt;/org.uh.hulib.attx.wc.uv.l.publishtoapi.PublishToAPIConfig__V1&amp;gt;
&amp;lt;/object-stream&amp;gt;&lt;/string&gt;
      &lt;/entry&gt;
    &lt;/configurations&gt;
  &lt;/MasterConfigObject&gt;
&lt;/object-stream&gt;</rawConf>
            <template>
              <description></description>
              <jarName>attx-l-publishtoapi-1.0-SNAPSHOT.jar</jarName>
              <menuName>attx-l-publishtoapi</menuName>
              <name>attx-l-publishtoapi</name>
              <rawConf>&lt;object-stream&gt;
  &lt;MasterConfigObject&gt;
    &lt;configurations&gt;
      &lt;entry&gt;
        &lt;string&gt;dpu_config&lt;/string&gt;
        &lt;string&gt;&amp;lt;object-stream&amp;gt;
  &amp;lt;org.uh.hulib.attx.wc.uv.l.publishtoapi.PublishToAPIConfig__V1&amp;gt;
    &amp;lt;alias&amp;gt;&amp;lt;/alias&amp;gt;
  &amp;lt;/org.uh.hulib.attx.wc.uv.l.publishtoapi.PublishToAPIConfig__V1&amp;gt;
&amp;lt;/object-stream&amp;gt;&lt;/string&gt;
      &lt;/entry&gt;
    &lt;/configurations&gt;
  &lt;/MasterConfigObject&gt;
&lt;/object-stream&gt;</rawConf>
              <useDPUDescription>false</useDPUDescription>
            </template>
            <useDPUDescription>false</useDPUDescription>
            <useTemplateConfig>false</useTemplateConfig>
          </dpuInstance>
          <executions class="org.eclipse.persistence.indirection.IndirectSet"/>
          <graph reference="../../../.."/>
          <position>
            <x>686</x>
            <y>136</y>
          </position>
        </to>
      </cz.cuni.mff.xrg.odcs.commons.app.pipeline.graph.Edge>
      <cz.cuni.mff.xrg.odcs.commons.app.pipeline.graph.Edge>
        <from>
          <dpuInstance>
            <description></description>
            <menuName>attx-e-selectds</menuName>
            <messageRecords class="org.eclipse.persistence.indirection.IndirectSet"/>
            <name>attx-e-selectds</name>
            <node reference="../.."/>
            <rawConf>&lt;object-stream&gt;
  &lt;MasterConfigObject&gt;
    &lt;configurations&gt;
      &lt;entry&gt;
        &lt;string&gt;dpu_config&lt;/string&gt;
        &lt;string&gt;&amp;lt;object-stream&amp;gt;
  &amp;lt;org.uh.hulib.attx.uv.e.selectds.SelectDSConfig__V1&amp;gt;
    &amp;lt;inputGraphs&amp;gt;
      &amp;lt;org.uh.hulib.attx.uv.e.selectds.OptionValue&amp;gt;
        &amp;lt;value&amp;gt;http://data.hulib.helsinki.fi/attx/work/wf_1_step_5/output&amp;lt;/value&amp;gt;
        &amp;lt;label&amp;gt;JYU publication rdf&amp;lt;/label&amp;gt;
      &amp;lt;/org.uh.hulib.attx.uv.e.selectds.OptionValue&amp;gt;
      &amp;lt;org.uh.hulib.attx.uv.e.selectds.OptionValue&amp;gt;
        &amp;lt;value&amp;gt;http://data.hulib.helsinki.fi/attx/work/wf_2_step_6/output&amp;lt;/value&amp;gt;
        &amp;lt;label&amp;gt;harvest rdf&amp;lt;/label&amp;gt;
      &amp;lt;/org.uh.hulib.attx.uv.e.selectds.OptionValue&amp;gt;
      &amp;lt;org.uh.hulib.attx.uv.e.selectds.OptionValue&amp;gt;
        &amp;lt;value&amp;gt;http://data.hulib.helsinki.fi/attx/work/wf_3_step_13/output&amp;lt;/value&amp;gt;
        &amp;lt;label&amp;gt;file links&amp;lt;/label&amp;gt;
      &amp;lt;/org.uh.hulib.attx.uv.e.selectds.OptionValue&amp;gt;
    &amp;lt;/inputGraphs&amp;gt;
  &amp;lt;/org.uh.hulib.attx.uv.e.selectds.SelectDSConfig__V1&amp;gt;
&amp;lt;/object-stream&amp;gt;&lt;/string&gt;
      &lt;/entry&gt;
    &lt;/configurations&gt;
  &lt;/MasterConfigObject&gt;
&lt;/object-stream&gt;</rawConf>
            <template>
              <description></description>
              <jarName>attx-e-selectds-1.0-SNAPSHOT.jar</jarName>
              <menuName>attx-e-selectds</menuName>
              <name>attx-e-selectds</name>
              <rawConf>&lt;object-stream&gt;
  &lt;MasterConfigObject&gt;
    &lt;configurations&gt;
      &lt;entry&gt;
        &lt;string&gt;dpu_config&lt;/string&gt;
        &lt;string&gt;&amp;lt;object-stream&amp;gt;
  &amp;lt;org.uh.hulib.attx.uv.e.selectds.SelectDSConfig__V1&amp;gt;
    &amp;lt;inputGraphs/&amp;gt;
  &amp;lt;/org.uh.hulib.attx.uv.e.selectds.SelectDSConfig__V1&amp;gt;
&amp;lt;/object-stream&amp;gt;&lt;/string&gt;
      &lt;/entry&gt;
    &lt;/configurations&gt;
  &lt;/MasterConfigObject&gt;
&lt;/object-stream&gt;</rawConf>
              <useDPUDescription>false</useDPUDescription>
            </template>
            <useDPUDescription>false</useDPUDescription>
            <useTemplateConfig>false</useTemplateConfig>
          </dpuInstance>
          <executions class="org.eclipse.persistence.indirection.IndirectSet"/>
          <graph reference="../../../.."/>
          <position>
            <x>390</x>
            <y>32</y>
          </position>
        </from>
        <graph reference="../../.."/>
        <script>datasetURIs -&gt; uriInput;</script>
        <to reference="../../cz.cuni.mff.xrg.odcs.commons.app.pipeline.graph.Edge/from"/>
      </cz.cuni.mff.xrg.odcs.commons.app.pipeline.graph.Edge>
      <cz.cuni.mff.xrg.odcs.commons.app.pipeline.graph.Edge>
        <from reference="../../cz.cuni.mff.xrg.odcs.commons.app.pipeline.graph.Edge[2]/from"/>
        <graph reference="../../.."/>
        <script>datasetURIs -&gt; inputDatasetMetadata;</script>
        <to reference="../../cz.cuni.mff.xrg.odcs.commons.app.pipeline.graph.Edge/to"/>
      </cz.cuni.mff.xrg.odcs.commons.app.pipeline.graph.Edge>
      <cz.cuni.mff.xrg.odcs.commons.app.pipeline.graph.Edge>
        <from>
          <dpuInstance>
            <description></description>
            <menuName>attx-t-describeds</menuName>
            <messageRecords class="org.eclipse.persistence.indirection.IndirectSet"/>
            <name>attx-t-describeds</name>
            <node reference="../.."/>
            <rawConf>&lt;object-stream&gt;
  &lt;MasterConfigObject&gt;
    &lt;configurations&gt;
      &lt;entry&gt;
        &lt;string&gt;dpu_config&lt;/string&gt;
        &lt;string&gt;&amp;lt;object-stream&amp;gt;
  &amp;lt;org.uh.hulib.attx.wc.uv.t.describeds.DescribeDSConfig__V1&amp;gt;
    &amp;lt;title&amp;gt;Published DS&amp;lt;/title&amp;gt;
    &amp;lt;description&amp;gt;test&amp;lt;/description&amp;gt;
  &amp;lt;/org.uh.hulib.attx.wc.uv.t.describeds.DescribeDSConfig__V1&amp;gt;
&amp;lt;/object-stream&amp;gt;&lt;/string&gt;
      &lt;/entry&gt;
    &lt;/configurations&gt;
  &lt;/MasterConfigObject&gt;
&lt;/object-stream&gt;</rawConf>
            <template>
              <description></description>
              <jarName>attx-t-describeds-1.0-SNAPSHOT.jar</jarName>
              <menuName>attx-t-describeds</menuName>
              <name>attx-t-describeds</name>
              <rawConf>&lt;object-stream&gt;
  &lt;MasterConfigObject&gt;
    &lt;configurations&gt;
      &lt;entry&gt;
        &lt;string&gt;dpu_config&lt;/string&gt;
        &lt;string&gt;&amp;lt;object-stream&amp;gt;
  &amp;lt;org.uh.hulib.attx.wc.uv.t.describeds.DescribeDSConfig__V1&amp;gt;
    &amp;lt;title&amp;gt;&amp;lt;/title&amp;gt;
    &amp;lt;description&amp;gt;&amp;lt;/description&amp;gt;
  &amp;lt;/org.uh.hulib.attx.wc.uv.t.describeds.DescribeDSConfig__V1&amp;gt;
&amp;lt;/object-stream&amp;gt;&lt;/string&gt;
      &lt;/entry&gt;
    &lt;/configurations&gt;
  &lt;/MasterConfigObject&gt;
&lt;/object-stream&gt;</rawConf>
              <useDPUDescription>false</useDPUDescription>
            </template>
            <useDPUDescription>false</useDPUDescription>
            <useTemplateConfig>false</useTemplateConfig>
          </dpuInstance>
          <executions class="org.eclipse.persistence.indirection.IndirectSet"/>
          <graph reference="../../../.."/>
          <position>
            <x>655</x>
            <y>240</y>
          </position>
        </from>
        <graph reference="../../.."/>
        <script>metadata -&gt; outputDatasetMetadata;</script>
        <to reference="../../cz.cuni.mff.xrg.odcs.commons.app.pipeline.graph.Edge/to"/>
      </cz.cuni.mff.xrg.odcs.commons.app.pipeline.graph.Edge>
    </edges>
    <nodes>
      <cz.cuni.mff.xrg.odcs.commons.app.pipeline.graph.Node reference="../../edges/cz.cuni.mff.xrg.odcs.commons.app.pipeline.graph.Edge/from"/>
      <cz.cuni.mff.xrg.odcs.commons.app.pipeline.graph.Node reference="../../edges/cz.cuni.mff.xrg.odcs.commons.app.pipeline.graph.Edge/to"/>
      <cz.cuni.mff.xrg.odcs.commons.app.pipeline.graph.Node reference="../../edges/cz.cuni.mff.xrg.odcs.commons.app.pipeline.graph.Edge[2]/from"/>
      <cz.cuni.mff.xrg.odcs.commons.app.pipeline.graph.Node reference="../../edges/cz.cuni.mff.xrg.odcs.commons.app.pipeline.graph.Edge[4]/from"/>
    </nodes>
    <pipeline reference="../.."/>
  </graph>
  <lastChange>2017-12-01 12:51:03.0 UTC</lastChange>
  <name>JYU - Publish data</name>
  <openEvents class="org.eclipse.persistence.indirection.IndirectSet"/>
  <schedules class="org.eclipse.persistence.indirection.IndirectSet"/>
  <shareType>PUBLIC_RW</shareType>
</cz.cuni.mff.xrg.odcs.commons.app.pipeline.Pipeline>