<cz.cuni.mff.xrg.odcs.commons.app.pipeline.Pipeline>
  <description></description>
  <executions class="org.eclipse.persistence.indirection.IndirectSet"/>
  <graph>
    <edges>
      <cz.cuni.mff.xrg.odcs.commons.app.pipeline.graph.Edge>
        <from>
          <dpuInstance>
            <description></description>
            <menuName>attx-e-selectds</menuName>
            <messageRecords class="org.eclipse.persistence.indirection.IndirectSet"/>
            <name>attx-e-selectds</name>
            <node reference="../.."/>
            <rawConf>&lt;object-stream&gt;
  &lt;MasterConfigObject&gt;
    &lt;configurations&gt;
      &lt;entry&gt;
        &lt;string&gt;dpu_config&lt;/string&gt;
        &lt;string&gt;&amp;lt;object-stream&amp;gt;
  &amp;lt;org.uh.hulib.attx.uv.e.selectds.SelectDSConfig__V1&amp;gt;
    &amp;lt;inputGraphs&amp;gt;
      &amp;lt;org.uh.hulib.attx.uv.e.selectds.OptionValue&amp;gt;
        &amp;lt;value&amp;gt;http://data.hulib.helsinki.fi/attx/work/wf_5_step_25/output&amp;lt;/value&amp;gt;
        &amp;lt;label&amp;gt;zenodo-uh-related&amp;lt;/label&amp;gt;
      &amp;lt;/org.uh.hulib.attx.uv.e.selectds.OptionValue&amp;gt;
      &amp;lt;org.uh.hulib.attx.uv.e.selectds.OptionValue&amp;gt;
        &amp;lt;value&amp;gt;http://data.hulib.helsinki.fi/attx/work/wf_6_step_33/output&amp;lt;/value&amp;gt;
        &amp;lt;label&amp;gt;zenodo-uh-communities&amp;lt;/label&amp;gt;
      &amp;lt;/org.uh.hulib.attx.uv.e.selectds.OptionValue&amp;gt;
      &amp;lt;org.uh.hulib.attx.uv.e.selectds.OptionValue&amp;gt;
        &amp;lt;value&amp;gt;http://data.hulib.helsinki.fi/attx/work/wf_7_step_38/output&amp;lt;/value&amp;gt;
        &amp;lt;label&amp;gt;zenodo-filtered2&amp;lt;/label&amp;gt;
      &amp;lt;/org.uh.hulib.attx.uv.e.selectds.OptionValue&amp;gt;
      &amp;lt;org.uh.hulib.attx.uv.e.selectds.OptionValue&amp;gt;
        &amp;lt;value&amp;gt;http://data.hulib.helsinki.fi/attx/work/wf_13_step_67/output&amp;lt;/value&amp;gt;
        &amp;lt;label&amp;gt;zenodo-handpicked&amp;lt;/label&amp;gt;
      &amp;lt;/org.uh.hulib.attx.uv.e.selectds.OptionValue&amp;gt;
    &amp;lt;/inputGraphs&amp;gt;
  &amp;lt;/org.uh.hulib.attx.uv.e.selectds.SelectDSConfig__V1&amp;gt;
&amp;lt;/object-stream&amp;gt;&lt;/string&gt;
      &lt;/entry&gt;
    &lt;/configurations&gt;
  &lt;/MasterConfigObject&gt;
&lt;/object-stream&gt;</rawConf>
            <template>
              <description></description>
              <jarName>attx-e-selectds-1.0-SNAPSHOT.jar</jarName>
              <menuName>attx-e-selectds</menuName>
              <name>attx-e-selectds</name>
              <rawConf>&lt;object-stream&gt;
  &lt;MasterConfigObject&gt;
    &lt;configurations&gt;
      &lt;entry&gt;
        &lt;string&gt;dpu_config&lt;/string&gt;
        &lt;string&gt;&amp;lt;object-stream&amp;gt;
  &amp;lt;org.uh.hulib.attx.uv.e.selectds.SelectDSConfig__V1&amp;gt;
    &amp;lt;inputGraphs/&amp;gt;
  &amp;lt;/org.uh.hulib.attx.uv.e.selectds.SelectDSConfig__V1&amp;gt;
&amp;lt;/object-stream&amp;gt;&lt;/string&gt;
      &lt;/entry&gt;
    &lt;/configurations&gt;
  &lt;/MasterConfigObject&gt;
&lt;/object-stream&gt;</rawConf>
              <useDPUDescription>false</useDPUDescription>
            </template>
            <useDPUDescription>false</useDPUDescription>
            <useTemplateConfig>false</useTemplateConfig>
          </dpuInstance>
          <executions class="org.eclipse.persistence.indirection.IndirectSet"/>
          <graph reference="../../../.."/>
          <position>
            <x>390</x>
            <y>32</y>
          </position>
        </from>
        <graph reference="../../.."/>
        <script>datasetURIs -&gt; uriInput;</script>
        <to>
          <dpuInstance>
            <description></description>
            <menuName>attx-t-framingservice</menuName>
            <messageRecords class="org.eclipse.persistence.indirection.IndirectSet"/>
            <name>attx-t-framingservice</name>
            <node reference="../.."/>
            <rawConf>&lt;object-stream&gt;
  &lt;MasterConfigObject&gt;
    &lt;configurations&gt;
      &lt;entry&gt;
        &lt;string&gt;dpu_config&lt;/string&gt;
        &lt;string&gt;&amp;lt;object-stream&amp;gt;
  &amp;lt;org.uh.hulib.attx.wc.uv.t.framingservice.FramingServiceConfig__V1&amp;gt;
    &amp;lt;docType&amp;gt;testdoc4&amp;lt;/docType&amp;gt;
    &amp;lt;configuration&amp;gt;{
  &amp;amp;quot;@context&amp;amp;quot;: {
    &amp;amp;quot;dc&amp;amp;quot;: &amp;amp;quot;http://purl.org/dc/elements/1.1/&amp;amp;quot;,
    &amp;amp;quot;ex&amp;amp;quot;: &amp;amp;quot;http://example.org/vocab#&amp;amp;quot;,
    &amp;amp;quot;work&amp;amp;quot;: &amp;amp;quot;http://data.hulib.helsinki.fi/attx/work#&amp;amp;quot;,
    &amp;amp;quot;version&amp;amp;quot;: &amp;amp;quot;work:version&amp;amp;quot;,
    &amp;amp;quot;identifier&amp;amp;quot;: &amp;amp;quot;work:identifier&amp;amp;quot;,
    &amp;amp;quot;idenfifierValue&amp;amp;quot;: &amp;amp;quot;work:value&amp;amp;quot;,
    &amp;amp;quot;identifierType&amp;amp;quot;: &amp;amp;quot;work:type&amp;amp;quot;,
    &amp;amp;quot;title&amp;amp;quot;: &amp;amp;quot;work:title&amp;amp;quot;,
    &amp;amp;quot;subjects&amp;amp;quot;: &amp;amp;quot;work:subject&amp;amp;quot;,
    &amp;amp;quot;subject&amp;amp;quot;: &amp;amp;quot;work:term&amp;amp;quot;,
    &amp;amp;quot;creators&amp;amp;quot;: &amp;amp;quot;work:creator&amp;amp;quot;,
    &amp;amp;quot;creatorName&amp;amp;quot;: &amp;amp;quot;work:creatorName&amp;amp;quot;,
    &amp;amp;quot;contributors&amp;amp;quot;: &amp;amp;quot;work:contributor&amp;amp;quot;,
	&amp;amp;quot;contributorName&amp;amp;quot;: &amp;amp;quot;work:contributorName&amp;amp;quot;,
    &amp;amp;quot;contributorType&amp;amp;quot;: &amp;amp;quot;work:contributorType&amp;amp;quot;,

    &amp;amp;quot;affiliation&amp;amp;quot; : &amp;amp;quot;work:affiliation&amp;amp;quot;,
    &amp;amp;quot;publisher&amp;amp;quot;: &amp;amp;quot;work:publisher&amp;amp;quot;,
    &amp;amp;quot;publicationYear&amp;amp;quot;: &amp;amp;quot;work:pubdate&amp;amp;quot;,
    &amp;amp;quot;language&amp;amp;quot;: &amp;amp;quot;work:language&amp;amp;quot;,
    &amp;amp;quot;resourceType&amp;amp;quot;: &amp;amp;quot;work:resourceType&amp;amp;quot;,
    &amp;amp;quot;resourceTypeGeneral&amp;amp;quot;: &amp;amp;quot;work:title&amp;amp;quot;,
	&amp;amp;quot;nameIdentifiers&amp;amp;quot;: &amp;amp;quot;work:nameIdentifier&amp;amp;quot;,
    &amp;amp;quot;subjectScheme&amp;amp;quot;: &amp;amp;quot;work:subjectScheme&amp;amp;quot;,
    &amp;amp;quot;valueURI&amp;amp;quot;: &amp;amp;quot;work:valueURI&amp;amp;quot;,
    &amp;amp;quot;rightsList&amp;amp;quot;: &amp;amp;quot;work:license&amp;amp;quot;,
    &amp;amp;quot;rights&amp;amp;quot;: &amp;amp;quot;work:licenseID&amp;amp;quot;

  },
  &amp;amp;quot;@type&amp;amp;quot;: &amp;amp;quot;work:uh-dataset&amp;amp;quot;,
  &amp;amp;quot;@explicit&amp;amp;quot;: true,
  &amp;amp;quot;@requireAll&amp;amp;quot;: false,
  &amp;amp;quot;identifier&amp;amp;quot;: {
    &amp;amp;quot;@type&amp;amp;quot;: &amp;amp;quot;work:ID&amp;amp;quot;,
  	&amp;amp;quot;@explicit&amp;amp;quot;: true,
    &amp;amp;quot;idenfifierValue&amp;amp;quot;: &amp;amp;quot;&amp;amp;quot;,
    &amp;amp;quot;identifierType&amp;amp;quot;: &amp;amp;quot;&amp;amp;quot;
  },
  &amp;amp;quot;title&amp;amp;quot;: &amp;amp;quot;&amp;amp;quot;,
  &amp;amp;quot;subjects&amp;amp;quot;: {
    &amp;amp;quot;subject&amp;amp;quot;: &amp;amp;quot;&amp;amp;quot;,
    &amp;amp;quot;subjectScheme&amp;amp;quot;: &amp;amp;quot;&amp;amp;quot;,
    &amp;amp;quot;valueURI&amp;amp;quot;: &amp;amp;quot;&amp;amp;quot;
  },
  &amp;amp;quot;creators&amp;amp;quot;: {
    &amp;amp;quot;@explicit&amp;amp;quot;: true,
    &amp;amp;quot;@requireAll&amp;amp;quot;: false,
    &amp;amp;quot;creatorName&amp;amp;quot;: &amp;amp;quot;&amp;amp;quot;,
    &amp;amp;quot;affiliation&amp;amp;quot;: &amp;amp;quot;&amp;amp;quot;,
    &amp;amp;quot;nameIdentifiers&amp;amp;quot;: {

      &amp;amp;quot;@explicit&amp;amp;quot;: true,
      &amp;amp;quot;idenfifierValue&amp;amp;quot;: &amp;amp;quot;&amp;amp;quot;,
      &amp;amp;quot;identifierType&amp;amp;quot;: &amp;amp;quot;&amp;amp;quot;
    }
  },
  &amp;amp;quot;contributors&amp;amp;quot;: {
    &amp;amp;quot;@explicit&amp;amp;quot;: true,
    &amp;amp;quot;@requireAll&amp;amp;quot;: false,
    &amp;amp;quot;contributorName&amp;amp;quot;: &amp;amp;quot;&amp;amp;quot;,
    &amp;amp;quot;contributorType&amp;amp;quot;: &amp;amp;quot;&amp;amp;quot;,
    &amp;amp;quot;affiliation&amp;amp;quot;: &amp;amp;quot;&amp;amp;quot;,
    &amp;amp;quot;nameIdentifiers&amp;amp;quot;: {

      &amp;amp;quot;@explicit&amp;amp;quot;: true,
      &amp;amp;quot;idenfifierValue&amp;amp;quot;: &amp;amp;quot;&amp;amp;quot;,
      &amp;amp;quot;identifierType&amp;amp;quot;: &amp;amp;quot;&amp;amp;quot;
    }
  },
  &amp;amp;quot;publisher&amp;amp;quot;: &amp;amp;quot;&amp;amp;quot;,
  &amp;amp;quot;publicationYear&amp;amp;quot;: &amp;amp;quot;&amp;amp;quot;,
  &amp;amp;quot;language&amp;amp;quot;: &amp;amp;quot;&amp;amp;quot;,
  &amp;amp;quot;resourceType&amp;amp;quot;: {
    &amp;amp;quot;@explicit&amp;amp;quot;: true,
    &amp;amp;quot;resourceTypeGeneral&amp;amp;quot;: &amp;amp;quot;&amp;amp;quot;
  },
  &amp;amp;quot;rightsList&amp;amp;quot;: {
    &amp;amp;quot;@explicit&amp;amp;quot;: true,
    &amp;amp;quot;rights&amp;amp;quot; : &amp;amp;quot;&amp;amp;quot;,
    &amp;amp;quot;rightURI&amp;amp;quot;: &amp;amp;quot;&amp;amp;quot;
  },
  &amp;amp;quot;version&amp;amp;quot;: {&amp;amp;quot;@default&amp;amp;quot;: &amp;amp;quot;4.0&amp;amp;quot;}
}&amp;lt;/configuration&amp;gt;
  &amp;lt;/org.uh.hulib.attx.wc.uv.t.framingservice.FramingServiceConfig__V1&amp;gt;
&amp;lt;/object-stream&amp;gt;&lt;/string&gt;
      &lt;/entry&gt;
    &lt;/configurations&gt;
  &lt;/MasterConfigObject&gt;
&lt;/object-stream&gt;</rawConf>
            <template>
              <description></description>
              <jarName>attx-t-framingservice-1.0-SNAPSHOT.jar</jarName>
              <menuName>attx-t-framingservice</menuName>
              <name>attx-t-framingservice</name>
              <rawConf>&lt;object-stream&gt;
  &lt;MasterConfigObject&gt;
    &lt;configurations&gt;
      &lt;entry&gt;
        &lt;string&gt;dpu_config&lt;/string&gt;
        &lt;string&gt;&amp;lt;object-stream&amp;gt;
  &amp;lt;org.uh.hulib.attx.wc.uv.t.framingservice.FramingServiceConfig__V1&amp;gt;
    &amp;lt;docType&amp;gt;&amp;lt;/docType&amp;gt;
    &amp;lt;configuration&amp;gt;&amp;lt;/configuration&amp;gt;
  &amp;lt;/org.uh.hulib.attx.wc.uv.t.framingservice.FramingServiceConfig__V1&amp;gt;
&amp;lt;/object-stream&amp;gt;&lt;/string&gt;
      &lt;/entry&gt;
    &lt;/configurations&gt;
  &lt;/MasterConfigObject&gt;
&lt;/object-stream&gt;</rawConf>
              <useDPUDescription>false</useDPUDescription>
            </template>
            <useDPUDescription>false</useDPUDescription>
            <useTemplateConfig>false</useTemplateConfig>
          </dpuInstance>
          <executions class="org.eclipse.persistence.indirection.IndirectSet"/>
          <graph reference="../../../.."/>
          <position>
            <x>438</x>
            <y>167</y>
          </position>
        </to>
      </cz.cuni.mff.xrg.odcs.commons.app.pipeline.graph.Edge>
      <cz.cuni.mff.xrg.odcs.commons.app.pipeline.graph.Edge>
        <from>
          <dpuInstance>
            <description></description>
            <menuName>attx-t-describeds</menuName>
            <messageRecords class="org.eclipse.persistence.indirection.IndirectSet"/>
            <name>attx-t-describeds</name>
            <node reference="../.."/>
            <rawConf>&lt;object-stream&gt;
  &lt;MasterConfigObject&gt;
    &lt;configurations&gt;
      &lt;entry&gt;
        &lt;string&gt;dpu_config&lt;/string&gt;
        &lt;string&gt;&amp;lt;object-stream&amp;gt;
  &amp;lt;org.uh.hulib.attx.wc.uv.t.describeds.DescribeDSConfig__V1&amp;gt;
    &amp;lt;title&amp;gt;ThinkOpen API - Zenodo&amp;lt;/title&amp;gt;
    &amp;lt;description&amp;gt;API&amp;lt;/description&amp;gt;
  &amp;lt;/org.uh.hulib.attx.wc.uv.t.describeds.DescribeDSConfig__V1&amp;gt;
&amp;lt;/object-stream&amp;gt;&lt;/string&gt;
      &lt;/entry&gt;
    &lt;/configurations&gt;
  &lt;/MasterConfigObject&gt;
&lt;/object-stream&gt;</rawConf>
            <template>
              <description></description>
              <jarName>attx-t-describeds-1.0-SNAPSHOT.jar</jarName>
              <menuName>attx-t-describeds</menuName>
              <name>attx-t-describeds</name>
              <rawConf>&lt;object-stream&gt;
  &lt;MasterConfigObject&gt;
    &lt;configurations&gt;
      &lt;entry&gt;
        &lt;string&gt;dpu_config&lt;/string&gt;
        &lt;string&gt;&amp;lt;object-stream&amp;gt;
  &amp;lt;org.uh.hulib.attx.wc.uv.t.describeds.DescribeDSConfig__V1&amp;gt;
    &amp;lt;title&amp;gt;&amp;lt;/title&amp;gt;
    &amp;lt;description&amp;gt;&amp;lt;/description&amp;gt;
  &amp;lt;/org.uh.hulib.attx.wc.uv.t.describeds.DescribeDSConfig__V1&amp;gt;
&amp;lt;/object-stream&amp;gt;&lt;/string&gt;
      &lt;/entry&gt;
    &lt;/configurations&gt;
  &lt;/MasterConfigObject&gt;
&lt;/object-stream&gt;</rawConf>
              <useDPUDescription>false</useDPUDescription>
            </template>
            <useDPUDescription>false</useDPUDescription>
            <useTemplateConfig>false</useTemplateConfig>
          </dpuInstance>
          <executions class="org.eclipse.persistence.indirection.IndirectSet"/>
          <graph reference="../../../.."/>
          <position>
            <x>655</x>
            <y>240</y>
          </position>
        </from>
        <graph reference="../../.."/>
        <script>metadata -&gt; outputDatasetMetadata;</script>
        <to>
          <dpuInstance>
            <description></description>
            <menuName>attx-l-publishtoapi</menuName>
            <messageRecords class="org.eclipse.persistence.indirection.IndirectSet"/>
            <name>attx-l-publishtoapi</name>
            <node reference="../.."/>
            <rawConf>&lt;object-stream&gt;
  &lt;MasterConfigObject&gt;
    &lt;configurations&gt;
      &lt;entry&gt;
        &lt;string&gt;dpu_config&lt;/string&gt;
        &lt;string&gt;&amp;lt;object-stream&amp;gt;
  &amp;lt;org.uh.hulib.attx.wc.uv.l.publishtoapi.PublishToAPIConfig__V1&amp;gt;
    &amp;lt;alias&amp;gt;thinkopen-zenodo&amp;lt;/alias&amp;gt;
  &amp;lt;/org.uh.hulib.attx.wc.uv.l.publishtoapi.PublishToAPIConfig__V1&amp;gt;
&amp;lt;/object-stream&amp;gt;&lt;/string&gt;
      &lt;/entry&gt;
    &lt;/configurations&gt;
  &lt;/MasterConfigObject&gt;
&lt;/object-stream&gt;</rawConf>
            <template>
              <description></description>
              <jarName>attx-l-publishtoapi-1.0-SNAPSHOT.jar</jarName>
              <menuName>attx-l-publishtoapi</menuName>
              <name>attx-l-publishtoapi</name>
              <rawConf>&lt;object-stream&gt;
  &lt;MasterConfigObject&gt;
    &lt;configurations&gt;
      &lt;entry&gt;
        &lt;string&gt;dpu_config&lt;/string&gt;
        &lt;string&gt;&amp;lt;object-stream&amp;gt;
  &amp;lt;org.uh.hulib.attx.wc.uv.l.publishtoapi.PublishToAPIConfig__V1&amp;gt;
    &amp;lt;alias&amp;gt;&amp;lt;/alias&amp;gt;
  &amp;lt;/org.uh.hulib.attx.wc.uv.l.publishtoapi.PublishToAPIConfig__V1&amp;gt;
&amp;lt;/object-stream&amp;gt;&lt;/string&gt;
      &lt;/entry&gt;
    &lt;/configurations&gt;
  &lt;/MasterConfigObject&gt;
&lt;/object-stream&gt;</rawConf>
              <useDPUDescription>false</useDPUDescription>
            </template>
            <useDPUDescription>false</useDPUDescription>
            <useTemplateConfig>false</useTemplateConfig>
          </dpuInstance>
          <executions class="org.eclipse.persistence.indirection.IndirectSet"/>
          <graph reference="../../../.."/>
          <position>
            <x>686</x>
            <y>136</y>
          </position>
        </to>
      </cz.cuni.mff.xrg.odcs.commons.app.pipeline.graph.Edge>
      <cz.cuni.mff.xrg.odcs.commons.app.pipeline.graph.Edge>
        <from reference="../../cz.cuni.mff.xrg.odcs.commons.app.pipeline.graph.Edge/to"/>
        <graph reference="../../.."/>
        <script>fileURI -&gt; uriInput;</script>
        <to reference="../../cz.cuni.mff.xrg.odcs.commons.app.pipeline.graph.Edge[2]/to"/>
      </cz.cuni.mff.xrg.odcs.commons.app.pipeline.graph.Edge>
      <cz.cuni.mff.xrg.odcs.commons.app.pipeline.graph.Edge>
        <from reference="../../cz.cuni.mff.xrg.odcs.commons.app.pipeline.graph.Edge/from"/>
        <graph reference="../../.."/>
        <script>datasetURIs -&gt; inputDatasetMetadata;</script>
        <to reference="../../cz.cuni.mff.xrg.odcs.commons.app.pipeline.graph.Edge[2]/to"/>
      </cz.cuni.mff.xrg.odcs.commons.app.pipeline.graph.Edge>
    </edges>
    <nodes>
      <cz.cuni.mff.xrg.odcs.commons.app.pipeline.graph.Node reference="../../edges/cz.cuni.mff.xrg.odcs.commons.app.pipeline.graph.Edge/to"/>
      <cz.cuni.mff.xrg.odcs.commons.app.pipeline.graph.Node reference="../../edges/cz.cuni.mff.xrg.odcs.commons.app.pipeline.graph.Edge[2]/from"/>
      <cz.cuni.mff.xrg.odcs.commons.app.pipeline.graph.Node reference="../../edges/cz.cuni.mff.xrg.odcs.commons.app.pipeline.graph.Edge[2]/to"/>
      <cz.cuni.mff.xrg.odcs.commons.app.pipeline.graph.Node reference="../../edges/cz.cuni.mff.xrg.odcs.commons.app.pipeline.graph.Edge/from"/>
    </nodes>
    <pipeline reference="../.."/>
  </graph>
  <lastChange>2018-06-29 08:59:04.0 UTC</lastChange>
  <name>zenodo-publish-uh-datasets</name>
  <openEvents class="org.eclipse.persistence.indirection.IndirectSet"/>
  <schedules class="org.eclipse.persistence.indirection.IndirectSet"/>
  <shareType>PRIVATE</shareType>
</cz.cuni.mff.xrg.odcs.commons.app.pipeline.Pipeline>