<dpus>
  <dpu>
    <dpuName>attx-e-selectds</dpuName>
    <jarName>attx-e-selectds-1.0-SNAPSHOT.jar</jarName>
    <version>1.0-SNAPSHOT</version>
  </dpu>
  <dpu>
    <dpuName>attx-l-publishtoapi</dpuName>
    <jarName>attx-l-publishtoapi-1.0-SNAPSHOT.jar</jarName>
    <version>1.0-SNAPSHOT</version>
  </dpu>
  <dpu>
    <dpuName>attx-t-describeds</dpuName>
    <jarName>attx-t-describeds-1.0-SNAPSHOT.jar</jarName>
    <version>1.0-SNAPSHOT</version>
  </dpu>
  <dpu>
    <dpuName>attx-t-framingservice</dpuName>
    <jarName>attx-t-framingservice-1.0-SNAPSHOT.jar</jarName>
    <version>1.0-SNAPSHOT</version>
  </dpu>
</dpus>