<dpus>
  <dpu>
    <dpuName>attx-e-selectds</dpuName>
    <jarName>attx-e-selectds-1.0-SNAPSHOT.jar</jarName>
    <version>1.0-SNAPSHOT</version>
  </dpu>
  <dpu>
    <dpuName>attx-l-replaceds</dpuName>
    <jarName>attx-l-replaceds-1.0-SNAPSHOT.jar</jarName>
    <version>1.0-SNAPSHOT</version>
  </dpu>
  <dpu>
    <dpuName>attx-t-describeds</dpuName>
    <jarName>attx-t-describeds-1.0-SNAPSHOT.jar</jarName>
    <version>1.0-SNAPSHOT</version>
  </dpu>
  <dpu>
    <dpuName>attx-t-ontologyservice</dpuName>
    <jarName>attx-t-ontologyservice-1.0-SNAPSHOT.jar</jarName>
    <version>1.0-SNAPSHOT</version>
  </dpu>
  <dpu>
    <dpuName>attx-t-retrieveds</dpuName>
    <jarName>attx-t-retrieveds-1.0-SNAPSHOT.jar</jarName>
    <version>1.0-SNAPSHOT</version>
  </dpu>
</dpus>