<cz.cuni.mff.xrg.odcs.commons.app.pipeline.Pipeline>
  <description></description>
  <executions class="org.eclipse.persistence.indirection.IndirectSet"/>
  <graph>
    <edges>
      <cz.cuni.mff.xrg.odcs.commons.app.pipeline.graph.Edge>
        <from>
          <dpuInstance>
            <description></description>
            <menuName>attx-t-construct</menuName>
            <messageRecords class="org.eclipse.persistence.indirection.IndirectSet"/>
            <name>attx-t-construct</name>
            <node reference="../.."/>
            <rawConf>&lt;object-stream&gt;
  &lt;MasterConfigObject&gt;
    &lt;configurations&gt;
      &lt;entry&gt;
        &lt;string&gt;dpu_config&lt;/string&gt;
        &lt;string&gt;&amp;lt;object-stream&amp;gt;
  &amp;lt;org.uh.hulib.attx.wc.uv.t.construct.ConstructConfig__V1&amp;gt;
    &amp;lt;configuration&amp;gt;construct {
 ?pub &amp;amp;lt;http://data.hulib.helsinki.fi/attx/hasFile&amp;amp;gt; ?file
}
WHERE {   
    ?pub &amp;amp;lt;http://data.hulib.helsinki.fi/attx/work#hasVersion&amp;amp;gt; ?extpub .
    ?extpub &amp;amp;lt;http://data.hulib.helsinki.fi/attx/work#hasFile&amp;amp;gt; ?file
} &amp;lt;/configuration&amp;gt;
  &amp;lt;/org.uh.hulib.attx.wc.uv.t.construct.ConstructConfig__V1&amp;gt;
&amp;lt;/object-stream&amp;gt;&lt;/string&gt;
      &lt;/entry&gt;
    &lt;/configurations&gt;
  &lt;/MasterConfigObject&gt;
&lt;/object-stream&gt;</rawConf>
            <template>
              <description></description>
              <jarName>attx-t-construct-1.0-SNAPSHOT.jar</jarName>
              <menuName>attx-t-construct</menuName>
              <name>attx-t-construct</name>
              <rawConf>&lt;object-stream&gt;
  &lt;MasterConfigObject&gt;
    &lt;configurations&gt;
      &lt;entry&gt;
        &lt;string&gt;dpu_config&lt;/string&gt;
        &lt;string&gt;&amp;lt;object-stream&amp;gt;
  &amp;lt;org.uh.hulib.attx.wc.uv.t.construct.ConstructConfig__V1&amp;gt;
    &amp;lt;configuration&amp;gt;&amp;lt;/configuration&amp;gt;
  &amp;lt;/org.uh.hulib.attx.wc.uv.t.construct.ConstructConfig__V1&amp;gt;
&amp;lt;/object-stream&amp;gt;&lt;/string&gt;
      &lt;/entry&gt;
    &lt;/configurations&gt;
  &lt;/MasterConfigObject&gt;
&lt;/object-stream&gt;</rawConf>
              <useDPUDescription>false</useDPUDescription>
            </template>
            <useDPUDescription>false</useDPUDescription>
            <useTemplateConfig>false</useTemplateConfig>
          </dpuInstance>
          <executions class="org.eclipse.persistence.indirection.IndirectSet"/>
          <graph reference="../../../.."/>
          <position>
            <x>448</x>
            <y>122</y>
          </position>
        </from>
        <graph reference="../../.."/>
        <script>datasetURI -&gt; dataURI;</script>
        <to>
          <dpuInstance>
            <description></description>
            <menuName>attx-l-replaceds</menuName>
            <messageRecords class="org.eclipse.persistence.indirection.IndirectSet"/>
            <name>attx-l-replaceds</name>
            <node reference="../.."/>
            <rawConf>&lt;object-stream&gt;
  &lt;MasterConfigObject&gt;
    &lt;configurations&gt;
      &lt;entry&gt;
        &lt;string&gt;dpu_config&lt;/string&gt;
        &lt;string&gt;&amp;lt;object-stream&amp;gt;
  &amp;lt;org.uh.hulib.attx.wc.uv.l.replaceds.ReplaceDSConfig__V1&amp;gt;
    &amp;lt;graphActivity&amp;gt;replace&amp;lt;/graphActivity&amp;gt;
  &amp;lt;/org.uh.hulib.attx.wc.uv.l.replaceds.ReplaceDSConfig__V1&amp;gt;
&amp;lt;/object-stream&amp;gt;&lt;/string&gt;
      &lt;/entry&gt;
    &lt;/configurations&gt;
  &lt;/MasterConfigObject&gt;
&lt;/object-stream&gt;</rawConf>
            <template>
              <description></description>
              <jarName>attx-l-replaceds-1.0-SNAPSHOT.jar</jarName>
              <menuName>attx-l-replaceds</menuName>
              <name>attx-l-replaceds</name>
              <rawConf>&lt;object-stream&gt;
  &lt;MasterConfigObject&gt;
    &lt;configurations&gt;
      &lt;entry&gt;
        &lt;string&gt;dpu_config&lt;/string&gt;
        &lt;string&gt;&amp;lt;object-stream&amp;gt;
  &amp;lt;org.uh.hulib.attx.wc.uv.l.replaceds.ReplaceDSConfig__V1/&amp;gt;
&amp;lt;/object-stream&amp;gt;&lt;/string&gt;
      &lt;/entry&gt;
    &lt;/configurations&gt;
  &lt;/MasterConfigObject&gt;
&lt;/object-stream&gt;</rawConf>
              <useDPUDescription>false</useDPUDescription>
            </template>
            <useDPUDescription>false</useDPUDescription>
            <useTemplateConfig>false</useTemplateConfig>
          </dpuInstance>
          <executions class="org.eclipse.persistence.indirection.IndirectSet"/>
          <graph reference="../../../.."/>
          <position>
            <x>764</x>
            <y>254</y>
          </position>
        </to>
      </cz.cuni.mff.xrg.odcs.commons.app.pipeline.graph.Edge>
      <cz.cuni.mff.xrg.odcs.commons.app.pipeline.graph.Edge>
        <from>
          <dpuInstance>
            <description></description>
            <menuName>attx-e-selectds</menuName>
            <messageRecords class="org.eclipse.persistence.indirection.IndirectSet"/>
            <name>attx-e-selectds</name>
            <node reference="../.."/>
            <rawConf>&lt;object-stream&gt;
  &lt;MasterConfigObject&gt;
    &lt;configurations&gt;
      &lt;entry&gt;
        &lt;string&gt;dpu_config&lt;/string&gt;
        &lt;string&gt;&amp;lt;object-stream&amp;gt;
  &amp;lt;org.uh.hulib.attx.uv.e.selectds.SelectDSConfig__V1&amp;gt;
    &amp;lt;inputGraphs&amp;gt;
      &amp;lt;org.uh.hulib.attx.uv.e.selectds.OptionValue&amp;gt;
        &amp;lt;value&amp;gt;http://data.hulib.helsinki.fi/attx/work/wf_1_step_5/output&amp;lt;/value&amp;gt;
        &amp;lt;label&amp;gt;JYU publication rdf&amp;lt;/label&amp;gt;
      &amp;lt;/org.uh.hulib.attx.uv.e.selectds.OptionValue&amp;gt;
      &amp;lt;org.uh.hulib.attx.uv.e.selectds.OptionValue&amp;gt;
        &amp;lt;value&amp;gt;http://data.hulib.helsinki.fi/attx/work/wf_2_step_6/output&amp;lt;/value&amp;gt;
        &amp;lt;label&amp;gt;harvest rdf&amp;lt;/label&amp;gt;
      &amp;lt;/org.uh.hulib.attx.uv.e.selectds.OptionValue&amp;gt;
    &amp;lt;/inputGraphs&amp;gt;
  &amp;lt;/org.uh.hulib.attx.uv.e.selectds.SelectDSConfig__V1&amp;gt;
&amp;lt;/object-stream&amp;gt;&lt;/string&gt;
      &lt;/entry&gt;
    &lt;/configurations&gt;
  &lt;/MasterConfigObject&gt;
&lt;/object-stream&gt;</rawConf>
            <template>
              <description></description>
              <jarName>attx-e-selectds-1.0-SNAPSHOT.jar</jarName>
              <menuName>attx-e-selectds</menuName>
              <name>attx-e-selectds</name>
              <rawConf>&lt;object-stream&gt;
  &lt;MasterConfigObject&gt;
    &lt;configurations&gt;
      &lt;entry&gt;
        &lt;string&gt;dpu_config&lt;/string&gt;
        &lt;string&gt;&amp;lt;object-stream&amp;gt;
  &amp;lt;org.uh.hulib.attx.uv.e.selectds.SelectDSConfig__V1&amp;gt;
    &amp;lt;inputGraphs/&amp;gt;
  &amp;lt;/org.uh.hulib.attx.uv.e.selectds.SelectDSConfig__V1&amp;gt;
&amp;lt;/object-stream&amp;gt;&lt;/string&gt;
      &lt;/entry&gt;
    &lt;/configurations&gt;
  &lt;/MasterConfigObject&gt;
&lt;/object-stream&gt;</rawConf>
              <useDPUDescription>false</useDPUDescription>
            </template>
            <useDPUDescription>false</useDPUDescription>
            <useTemplateConfig>false</useTemplateConfig>
          </dpuInstance>
          <executions class="org.eclipse.persistence.indirection.IndirectSet"/>
          <graph reference="../../../.."/>
          <position>
            <x>477</x>
            <y>8</y>
          </position>
        </from>
        <graph reference="../../.."/>
        <script>datasetURIs -&gt; inputDatasetMetadata;</script>
        <to reference="../../cz.cuni.mff.xrg.odcs.commons.app.pipeline.graph.Edge/to"/>
      </cz.cuni.mff.xrg.odcs.commons.app.pipeline.graph.Edge>
      <cz.cuni.mff.xrg.odcs.commons.app.pipeline.graph.Edge>
        <from>
          <dpuInstance>
            <description></description>
            <menuName>attx-t-describeds</menuName>
            <messageRecords class="org.eclipse.persistence.indirection.IndirectSet"/>
            <name>attx-t-describeds</name>
            <node reference="../.."/>
            <rawConf>&lt;object-stream&gt;
  &lt;MasterConfigObject&gt;
    &lt;configurations&gt;
      &lt;entry&gt;
        &lt;string&gt;dpu_config&lt;/string&gt;
        &lt;string&gt;&amp;lt;object-stream&amp;gt;
  &amp;lt;org.uh.hulib.attx.wc.uv.t.describeds.DescribeDSConfig__V1&amp;gt;
    &amp;lt;title&amp;gt;File links from parallel pubs&amp;lt;/title&amp;gt;
    &amp;lt;description&amp;gt;links&amp;lt;/description&amp;gt;
  &amp;lt;/org.uh.hulib.attx.wc.uv.t.describeds.DescribeDSConfig__V1&amp;gt;
&amp;lt;/object-stream&amp;gt;&lt;/string&gt;
      &lt;/entry&gt;
    &lt;/configurations&gt;
  &lt;/MasterConfigObject&gt;
&lt;/object-stream&gt;</rawConf>
            <template>
              <description></description>
              <jarName>attx-t-describeds-1.0-SNAPSHOT.jar</jarName>
              <menuName>attx-t-describeds</menuName>
              <name>attx-t-describeds</name>
              <rawConf>&lt;object-stream&gt;
  &lt;MasterConfigObject&gt;
    &lt;configurations&gt;
      &lt;entry&gt;
        &lt;string&gt;dpu_config&lt;/string&gt;
        &lt;string&gt;&amp;lt;object-stream&amp;gt;
  &amp;lt;org.uh.hulib.attx.wc.uv.t.describeds.DescribeDSConfig__V1&amp;gt;
    &amp;lt;title&amp;gt;&amp;lt;/title&amp;gt;
    &amp;lt;description&amp;gt;&amp;lt;/description&amp;gt;
  &amp;lt;/org.uh.hulib.attx.wc.uv.t.describeds.DescribeDSConfig__V1&amp;gt;
&amp;lt;/object-stream&amp;gt;&lt;/string&gt;
      &lt;/entry&gt;
    &lt;/configurations&gt;
  &lt;/MasterConfigObject&gt;
&lt;/object-stream&gt;</rawConf>
              <useDPUDescription>false</useDPUDescription>
            </template>
            <useDPUDescription>false</useDPUDescription>
            <useTemplateConfig>false</useTemplateConfig>
          </dpuInstance>
          <executions class="org.eclipse.persistence.indirection.IndirectSet"/>
          <graph reference="../../../.."/>
          <position>
            <x>374</x>
            <y>311</y>
          </position>
        </from>
        <graph reference="../../.."/>
        <script>metadata -&gt; outputDatasetMetadata;</script>
        <to reference="../../cz.cuni.mff.xrg.odcs.commons.app.pipeline.graph.Edge/to"/>
      </cz.cuni.mff.xrg.odcs.commons.app.pipeline.graph.Edge>
      <cz.cuni.mff.xrg.odcs.commons.app.pipeline.graph.Edge>
        <from reference="../../cz.cuni.mff.xrg.odcs.commons.app.pipeline.graph.Edge[2]/from"/>
        <graph reference="../../.."/>
        <script>datasetURIs -&gt; inputGraphURIs;</script>
        <to reference="../../cz.cuni.mff.xrg.odcs.commons.app.pipeline.graph.Edge/from"/>
      </cz.cuni.mff.xrg.odcs.commons.app.pipeline.graph.Edge>
    </edges>
    <nodes>
      <cz.cuni.mff.xrg.odcs.commons.app.pipeline.graph.Node reference="../../edges/cz.cuni.mff.xrg.odcs.commons.app.pipeline.graph.Edge[3]/from"/>
      <cz.cuni.mff.xrg.odcs.commons.app.pipeline.graph.Node reference="../../edges/cz.cuni.mff.xrg.odcs.commons.app.pipeline.graph.Edge[2]/from"/>
      <cz.cuni.mff.xrg.odcs.commons.app.pipeline.graph.Node reference="../../edges/cz.cuni.mff.xrg.odcs.commons.app.pipeline.graph.Edge/to"/>
      <cz.cuni.mff.xrg.odcs.commons.app.pipeline.graph.Node reference="../../edges/cz.cuni.mff.xrg.odcs.commons.app.pipeline.graph.Edge/from"/>
    </nodes>
    <pipeline reference="../.."/>
  </graph>
  <lastChange>2017-12-01 12:49:43.0 UTC</lastChange>
  <name>JYU - Add files from parallel pubs</name>
  <openEvents class="org.eclipse.persistence.indirection.IndirectSet"/>
  <schedules class="org.eclipse.persistence.indirection.IndirectSet"/>
  <shareType>PRIVATE</shareType>
</cz.cuni.mff.xrg.odcs.commons.app.pipeline.Pipeline>