<list>
  <template>
    <children class="org.eclipse.persistence.indirection.IndirectSet"/>
    <derivedDPUs class="org.eclipse.persistence.indirection.IndirectSet"/>
    <description></description>
    <jarDescription>(commit: 1cb86175b23d5df2a676a2676f4f0267f487f9d2, build timestamp: 2018-06-19 10:54)</jarDescription>
    <jarDirectory>attx-e-oaipmhharvester</jarDirectory>
    <jarName>attx-e-oaipmhharvester-1.0-SNAPSHOT.jar</jarName>
    <menuName>attx-e-oaipmhharvester</menuName>
    <name>attx-e-oaipmhharvester</name>
    <rawConf>&lt;object-stream&gt;
  &lt;MasterConfigObject&gt;
    &lt;configurations&gt;
      &lt;entry&gt;
        &lt;string&gt;dpu_config&lt;/string&gt;
        &lt;string&gt;&amp;lt;object-stream&amp;gt;
  &amp;lt;org.uh.hulib.attx.wc.uv.e.oaipmhharvester.OAIPMHHarvesterConfig__V1&amp;gt;
    &amp;lt;baseURL&amp;gt;&amp;lt;/baseURL&amp;gt;
    &amp;lt;metadataFormat&amp;gt;&amp;lt;/metadataFormat&amp;gt;
    &amp;lt;set&amp;gt;&amp;lt;/set&amp;gt;
    &amp;lt;useDates&amp;gt;false&amp;lt;/useDates&amp;gt;
    &amp;lt;sinceLastSuccessful&amp;gt;false&amp;lt;/sinceLastSuccessful&amp;gt;
  &amp;lt;/org.uh.hulib.attx.wc.uv.e.oaipmhharvester.OAIPMHHarvesterConfig__V1&amp;gt;
&amp;lt;/object-stream&amp;gt;&lt;/string&gt;
      &lt;/entry&gt;
    &lt;/configurations&gt;
  &lt;/MasterConfigObject&gt;
&lt;/object-stream&gt;</rawConf>
    <shareType>PUBLIC_RO</shareType>
    <type>EXTRACTOR</type>
    <useDPUDescription>false</useDPUDescription>
  </template>
  <template>
    <children class="org.eclipse.persistence.indirection.IndirectSet"/>
    <derivedDPUs class="org.eclipse.persistence.indirection.IndirectSet"/>
    <description></description>
    <jarDescription>(commit: 97b01c2633d93da65a2f74b5ea064653cfbb5855, build timestamp: 2018-05-31 08:49)</jarDescription>
    <jarDirectory>attx-e-selectds</jarDirectory>
    <jarName>attx-e-selectds-1.0-SNAPSHOT.jar</jarName>
    <menuName>attx-e-selectds</menuName>
    <name>attx-e-selectds</name>
    <rawConf>&lt;object-stream&gt;
  &lt;MasterConfigObject&gt;
    &lt;configurations&gt;
      &lt;entry&gt;
        &lt;string&gt;dpu_config&lt;/string&gt;
        &lt;string&gt;&amp;lt;object-stream&amp;gt;
  &amp;lt;org.uh.hulib.attx.uv.e.selectds.SelectDSConfig__V1&amp;gt;
    &amp;lt;inputGraphs/&amp;gt;
  &amp;lt;/org.uh.hulib.attx.uv.e.selectds.SelectDSConfig__V1&amp;gt;
&amp;lt;/object-stream&amp;gt;&lt;/string&gt;
      &lt;/entry&gt;
    &lt;/configurations&gt;
  &lt;/MasterConfigObject&gt;
&lt;/object-stream&gt;</rawConf>
    <shareType>PUBLIC_RO</shareType>
    <type>EXTRACTOR</type>
    <useDPUDescription>false</useDPUDescription>
  </template>
  <template>
    <children class="org.eclipse.persistence.indirection.IndirectSet"/>
    <derivedDPUs class="org.eclipse.persistence.indirection.IndirectSet"/>
    <description></description>
    <jarDescription>(commit: 267ebda91e06361506583d849ca7010425c1e071, build timestamp: 2018-07-11 07:00)</jarDescription>
    <jarDirectory>attx-l-replaceds</jarDirectory>
    <jarName>attx-l-replaceds-1.0-SNAPSHOT.jar</jarName>
    <menuName>attx-l-replaceds</menuName>
    <name>attx-l-replaceds</name>
    <rawConf>&lt;object-stream&gt;
  &lt;MasterConfigObject&gt;
    &lt;configurations&gt;
      &lt;entry&gt;
        &lt;string&gt;dpu_config&lt;/string&gt;
        &lt;string&gt;&amp;lt;object-stream&amp;gt;
  &amp;lt;org.uh.hulib.attx.wc.uv.l.replaceds.ReplaceDSConfig__V1/&amp;gt;
&amp;lt;/object-stream&amp;gt;&lt;/string&gt;
      &lt;/entry&gt;
    &lt;/configurations&gt;
  &lt;/MasterConfigObject&gt;
&lt;/object-stream&gt;</rawConf>
    <shareType>PUBLIC_RO</shareType>
    <type>LOADER</type>
    <useDPUDescription>false</useDPUDescription>
  </template>
  <template>
    <children class="org.eclipse.persistence.indirection.IndirectSet"/>
    <derivedDPUs class="org.eclipse.persistence.indirection.IndirectSet"/>
    <description></description>
    <jarDescription>(commit: 97b01c2633d93da65a2f74b5ea064653cfbb5855, build timestamp: 2018-05-31 08:29)</jarDescription>
    <jarDirectory>attx-t-describeds</jarDirectory>
    <jarName>attx-t-describeds-1.0-SNAPSHOT.jar</jarName>
    <menuName>attx-t-describeds</menuName>
    <name>attx-t-describeds</name>
    <rawConf>&lt;object-stream&gt;
  &lt;MasterConfigObject&gt;
    &lt;configurations&gt;
      &lt;entry&gt;
        &lt;string&gt;dpu_config&lt;/string&gt;
        &lt;string&gt;&amp;lt;object-stream&amp;gt;
  &amp;lt;org.uh.hulib.attx.wc.uv.t.describeds.DescribeDSConfig__V1&amp;gt;
    &amp;lt;title&amp;gt;&amp;lt;/title&amp;gt;
    &amp;lt;description&amp;gt;&amp;lt;/description&amp;gt;
  &amp;lt;/org.uh.hulib.attx.wc.uv.t.describeds.DescribeDSConfig__V1&amp;gt;
&amp;lt;/object-stream&amp;gt;&lt;/string&gt;
      &lt;/entry&gt;
    &lt;/configurations&gt;
  &lt;/MasterConfigObject&gt;
&lt;/object-stream&gt;</rawConf>
    <shareType>PUBLIC_RO</shareType>
    <type>TRANSFORMER</type>
    <useDPUDescription>false</useDPUDescription>
  </template>
  <template>
    <children class="org.eclipse.persistence.indirection.IndirectSet"/>
    <derivedDPUs class="org.eclipse.persistence.indirection.IndirectSet"/>
    <description></description>
    <jarDescription>(commit: 97b01c2633d93da65a2f74b5ea064653cfbb5855, build timestamp: 2018-05-31 08:04)</jarDescription>
    <jarDirectory>attx-t-describeexternalds</jarDirectory>
    <jarName>attx-t-describeexternalds-1.0-SNAPSHOT.jar</jarName>
    <menuName>attx-t-describeexternalds</menuName>
    <name>attx-t-describeexternalds</name>
    <rawConf>&lt;object-stream&gt;
  &lt;MasterConfigObject&gt;
    &lt;configurations&gt;
      &lt;entry&gt;
        &lt;string&gt;dpu_config&lt;/string&gt;
        &lt;string&gt;&amp;lt;object-stream&amp;gt;
  &amp;lt;org.uh.hulib.attx.wc.uv.t.describeexternalds.DescribeExternalDSConfig__V1&amp;gt;
    &amp;lt;title&amp;gt;&amp;lt;/title&amp;gt;
    &amp;lt;description&amp;gt;&amp;lt;/description&amp;gt;
    &amp;lt;licence&amp;gt;&amp;lt;/licence&amp;gt;
  &amp;lt;/org.uh.hulib.attx.wc.uv.t.describeexternalds.DescribeExternalDSConfig__V1&amp;gt;
&amp;lt;/object-stream&amp;gt;&lt;/string&gt;
      &lt;/entry&gt;
    &lt;/configurations&gt;
  &lt;/MasterConfigObject&gt;
&lt;/object-stream&gt;</rawConf>
    <shareType>PUBLIC_RO</shareType>
    <type>TRANSFORMER</type>
    <useDPUDescription>false</useDPUDescription>
  </template>
  <template>
    <children class="org.eclipse.persistence.indirection.IndirectSet"/>
    <derivedDPUs class="org.eclipse.persistence.indirection.IndirectSet"/>
    <description></description>
    <jarDescription>(commit: 267ebda91e06361506583d849ca7010425c1e071, build timestamp: 2018-06-19 10:57)</jarDescription>
    <jarDirectory>attx-t-retrieveds</jarDirectory>
    <jarName>attx-t-retrieveds-1.0-SNAPSHOT.jar</jarName>
    <menuName>attx-t-retrieveds</menuName>
    <name>attx-t-retrieveds</name>
    <rawConf>&lt;object-stream&gt;
  &lt;MasterConfigObject&gt;
    &lt;configurations&gt;
      &lt;entry&gt;
        &lt;string&gt;dpu_config&lt;/string&gt;
        &lt;string&gt;&amp;lt;object-stream&amp;gt;
  &amp;lt;org.uh.hulib.attx.wc.uv.t.retrieveds.RetrieveDSConfig__V1&amp;gt;
    &amp;lt;outputType&amp;gt;URI&amp;lt;/outputType&amp;gt;
  &amp;lt;/org.uh.hulib.attx.wc.uv.t.retrieveds.RetrieveDSConfig__V1&amp;gt;
&amp;lt;/object-stream&amp;gt;&lt;/string&gt;
      &lt;/entry&gt;
    &lt;/configurations&gt;
  &lt;/MasterConfigObject&gt;
&lt;/object-stream&gt;</rawConf>
    <shareType>PUBLIC_RO</shareType>
    <type>TRANSFORMER</type>
    <useDPUDescription>false</useDPUDescription>
  </template>
  <template>
    <children class="org.eclipse.persistence.indirection.IndirectSet"/>
    <derivedDPUs class="org.eclipse.persistence.indirection.IndirectSet"/>
    <description></description>
    <jarDescription>(commit: 97b01c2633d93da65a2f74b5ea064653cfbb5855, build timestamp: 2018-05-31 08:50)</jarDescription>
    <jarDirectory>attx-t-rmlservice</jarDirectory>
    <jarName>attx-t-rmlservice-1.0-SNAPSHOT.jar</jarName>
    <menuName>attx-t-rmlservice</menuName>
    <name>attx-t-rmlservice</name>
    <rawConf>&lt;object-stream&gt;
  &lt;MasterConfigObject&gt;
    &lt;configurations&gt;
      &lt;entry&gt;
        &lt;string&gt;dpu_config&lt;/string&gt;
        &lt;string&gt;&amp;lt;object-stream&amp;gt;
  &amp;lt;org.uh.hulib.attx.wc.uv.t.rmlservice.RMLServiceConfig__V1&amp;gt;
    &amp;lt;configuration&amp;gt;&amp;lt;/configuration&amp;gt;
  &amp;lt;/org.uh.hulib.attx.wc.uv.t.rmlservice.RMLServiceConfig__V1&amp;gt;
&amp;lt;/object-stream&amp;gt;&lt;/string&gt;
      &lt;/entry&gt;
    &lt;/configurations&gt;
  &lt;/MasterConfigObject&gt;
&lt;/object-stream&gt;</rawConf>
    <shareType>PUBLIC_RO</shareType>
    <type>TRANSFORMER</type>
    <useDPUDescription>false</useDPUDescription>
  </template>
</list>