<cz.cuni.mff.xrg.odcs.commons.app.pipeline.Pipeline>
  <description></description>
  <executions class="org.eclipse.persistence.indirection.IndirectSet"/>
  <graph>
    <edges>
      <cz.cuni.mff.xrg.odcs.commons.app.pipeline.graph.Edge>
        <from>
          <dpuInstance>
            <description></description>
            <menuName>attx-t-retrieveds</menuName>
            <messageRecords class="org.eclipse.persistence.indirection.IndirectSet"/>
            <name>attx-t-retrieveds</name>
            <node reference="../.."/>
            <rawConf>&lt;object-stream&gt;
  &lt;MasterConfigObject&gt;
    &lt;configurations&gt;
      &lt;entry&gt;
        &lt;string&gt;dpu_config&lt;/string&gt;
        &lt;string&gt;&amp;lt;object-stream&amp;gt;
  &amp;lt;org.uh.hulib.attx.wc.uv.t.retrieveds.RetrieveDSConfig__V1&amp;gt;
    &amp;lt;outputType&amp;gt;Data&amp;lt;/outputType&amp;gt;
  &amp;lt;/org.uh.hulib.attx.wc.uv.t.retrieveds.RetrieveDSConfig__V1&amp;gt;
&amp;lt;/object-stream&amp;gt;&lt;/string&gt;
      &lt;/entry&gt;
    &lt;/configurations&gt;
  &lt;/MasterConfigObject&gt;
&lt;/object-stream&gt;</rawConf>
            <template>
              <description></description>
              <jarName>attx-t-retrieveds-1.0-SNAPSHOT.jar</jarName>
              <menuName>attx-t-retrieveds</menuName>
              <name>attx-t-retrieveds</name>
              <rawConf>&lt;object-stream&gt;
  &lt;MasterConfigObject&gt;
    &lt;configurations&gt;
      &lt;entry&gt;
        &lt;string&gt;dpu_config&lt;/string&gt;
        &lt;string&gt;&amp;lt;object-stream&amp;gt;
  &amp;lt;org.uh.hulib.attx.wc.uv.t.retrieveds.RetrieveDSConfig__V1&amp;gt;
    &amp;lt;outputType&amp;gt;URI&amp;lt;/outputType&amp;gt;
  &amp;lt;/org.uh.hulib.attx.wc.uv.t.retrieveds.RetrieveDSConfig__V1&amp;gt;
&amp;lt;/object-stream&amp;gt;&lt;/string&gt;
      &lt;/entry&gt;
    &lt;/configurations&gt;
  &lt;/MasterConfigObject&gt;
&lt;/object-stream&gt;</rawConf>
              <useDPUDescription>false</useDPUDescription>
            </template>
            <useDPUDescription>false</useDPUDescription>
            <useTemplateConfig>false</useTemplateConfig>
          </dpuInstance>
          <executions class="org.eclipse.persistence.indirection.IndirectSet"/>
          <graph reference="../../../.."/>
          <position>
            <x>367</x>
            <y>119</y>
          </position>
        </from>
        <graph reference="../../.."/>
        <script>fileURI -&gt; queryGraphs;</script>
        <to>
          <dpuInstance>
            <description></description>
            <menuName>attx-e-oaipmhharvester</menuName>
            <messageRecords class="org.eclipse.persistence.indirection.IndirectSet"/>
            <name>attx-e-oaipmhharvester</name>
            <node reference="../.."/>
            <rawConf>&lt;object-stream&gt;
  &lt;MasterConfigObject&gt;
    &lt;configurations&gt;
      &lt;entry&gt;
        &lt;string&gt;dpu_config&lt;/string&gt;
        &lt;string&gt;&amp;lt;object-stream&amp;gt;
  &amp;lt;org.uh.hulib.attx.wc.uv.e.oaipmhharvester.OAIPMHHarvesterConfig__V1&amp;gt;
    &amp;lt;baseURL&amp;gt;https://etsin.avointiede.fi/oai&amp;lt;/baseURL&amp;gt;
    &amp;lt;metadataFormat&amp;gt;oai_dc&amp;lt;/metadataFormat&amp;gt;
    &amp;lt;set&amp;gt;filter:http://data.hulib.helsinki.fi/attx/work#setName&amp;lt;/set&amp;gt;
    &amp;lt;useDates&amp;gt;false&amp;lt;/useDates&amp;gt;
    &amp;lt;sinceLastSuccessful&amp;gt;false&amp;lt;/sinceLastSuccessful&amp;gt;
  &amp;lt;/org.uh.hulib.attx.wc.uv.e.oaipmhharvester.OAIPMHHarvesterConfig__V1&amp;gt;
&amp;lt;/object-stream&amp;gt;&lt;/string&gt;
      &lt;/entry&gt;
    &lt;/configurations&gt;
  &lt;/MasterConfigObject&gt;
&lt;/object-stream&gt;</rawConf>
            <template>
              <description></description>
              <jarName>attx-e-oaipmhharvester-1.0-SNAPSHOT.jar</jarName>
              <menuName>attx-e-oaipmhharvester</menuName>
              <name>attx-e-oaipmhharvester</name>
              <rawConf>&lt;object-stream&gt;
  &lt;MasterConfigObject&gt;
    &lt;configurations&gt;
      &lt;entry&gt;
        &lt;string&gt;dpu_config&lt;/string&gt;
        &lt;string&gt;&amp;lt;object-stream&amp;gt;
  &amp;lt;org.uh.hulib.attx.wc.uv.e.oaipmhharvester.OAIPMHHarvesterConfig__V1&amp;gt;
    &amp;lt;baseURL&amp;gt;&amp;lt;/baseURL&amp;gt;
    &amp;lt;metadataFormat&amp;gt;&amp;lt;/metadataFormat&amp;gt;
    &amp;lt;set&amp;gt;&amp;lt;/set&amp;gt;
    &amp;lt;useDates&amp;gt;false&amp;lt;/useDates&amp;gt;
    &amp;lt;sinceLastSuccessful&amp;gt;false&amp;lt;/sinceLastSuccessful&amp;gt;
  &amp;lt;/org.uh.hulib.attx.wc.uv.e.oaipmhharvester.OAIPMHHarvesterConfig__V1&amp;gt;
&amp;lt;/object-stream&amp;gt;&lt;/string&gt;
      &lt;/entry&gt;
    &lt;/configurations&gt;
  &lt;/MasterConfigObject&gt;
&lt;/object-stream&gt;</rawConf>
              <useDPUDescription>false</useDPUDescription>
            </template>
            <useDPUDescription>false</useDPUDescription>
            <useTemplateConfig>false</useTemplateConfig>
          </dpuInstance>
          <executions class="org.eclipse.persistence.indirection.IndirectSet"/>
          <graph reference="../../../.."/>
          <position>
            <x>367</x>
            <y>189</y>
          </position>
        </to>
      </cz.cuni.mff.xrg.odcs.commons.app.pipeline.graph.Edge>
      <cz.cuni.mff.xrg.odcs.commons.app.pipeline.graph.Edge>
        <from>
          <dpuInstance>
            <description></description>
            <menuName>attx-t-describeds</menuName>
            <messageRecords class="org.eclipse.persistence.indirection.IndirectSet"/>
            <name>attx-t-describeds</name>
            <node reference="../.."/>
            <rawConf>&lt;object-stream&gt;
  &lt;MasterConfigObject&gt;
    &lt;configurations&gt;
      &lt;entry&gt;
        &lt;string&gt;dpu_config&lt;/string&gt;
        &lt;string&gt;&amp;lt;object-stream&amp;gt;
  &amp;lt;org.uh.hulib.attx.wc.uv.t.describeds.DescribeDSConfig__V1&amp;gt;
    &amp;lt;title&amp;gt;Etsin datacite datasets2&amp;lt;/title&amp;gt;
    &amp;lt;description&amp;gt;datacite&amp;lt;/description&amp;gt;
  &amp;lt;/org.uh.hulib.attx.wc.uv.t.describeds.DescribeDSConfig__V1&amp;gt;
&amp;lt;/object-stream&amp;gt;&lt;/string&gt;
      &lt;/entry&gt;
    &lt;/configurations&gt;
  &lt;/MasterConfigObject&gt;
&lt;/object-stream&gt;</rawConf>
            <template>
              <description></description>
              <jarName>attx-t-describeds-1.0-SNAPSHOT.jar</jarName>
              <menuName>attx-t-describeds</menuName>
              <name>attx-t-describeds</name>
              <rawConf>&lt;object-stream&gt;
  &lt;MasterConfigObject&gt;
    &lt;configurations&gt;
      &lt;entry&gt;
        &lt;string&gt;dpu_config&lt;/string&gt;
        &lt;string&gt;&amp;lt;object-stream&amp;gt;
  &amp;lt;org.uh.hulib.attx.wc.uv.t.describeds.DescribeDSConfig__V1&amp;gt;
    &amp;lt;title&amp;gt;&amp;lt;/title&amp;gt;
    &amp;lt;description&amp;gt;&amp;lt;/description&amp;gt;
  &amp;lt;/org.uh.hulib.attx.wc.uv.t.describeds.DescribeDSConfig__V1&amp;gt;
&amp;lt;/object-stream&amp;gt;&lt;/string&gt;
      &lt;/entry&gt;
    &lt;/configurations&gt;
  &lt;/MasterConfigObject&gt;
&lt;/object-stream&gt;</rawConf>
              <useDPUDescription>false</useDPUDescription>
            </template>
            <useDPUDescription>false</useDPUDescription>
            <useTemplateConfig>false</useTemplateConfig>
          </dpuInstance>
          <executions class="org.eclipse.persistence.indirection.IndirectSet"/>
          <graph reference="../../../.."/>
          <position>
            <x>651</x>
            <y>347</y>
          </position>
        </from>
        <graph reference="../../.."/>
        <script>metadata -&gt; outputDatasetMetadata;</script>
        <to>
          <dpuInstance>
            <description></description>
            <menuName>attx-l-replaceds</menuName>
            <messageRecords class="org.eclipse.persistence.indirection.IndirectSet"/>
            <name>attx-l-replaceds</name>
            <node reference="../.."/>
            <rawConf>&lt;object-stream&gt;
  &lt;MasterConfigObject&gt;
    &lt;configurations&gt;
      &lt;entry&gt;
        &lt;string&gt;dpu_config&lt;/string&gt;
        &lt;string&gt;&amp;lt;object-stream&amp;gt;
  &amp;lt;org.uh.hulib.attx.wc.uv.l.replaceds.ReplaceDSConfig__V1&amp;gt;
    &amp;lt;graphActivity&amp;gt;replace&amp;lt;/graphActivity&amp;gt;
  &amp;lt;/org.uh.hulib.attx.wc.uv.l.replaceds.ReplaceDSConfig__V1&amp;gt;
&amp;lt;/object-stream&amp;gt;&lt;/string&gt;
      &lt;/entry&gt;
    &lt;/configurations&gt;
  &lt;/MasterConfigObject&gt;
&lt;/object-stream&gt;</rawConf>
            <template>
              <description></description>
              <jarName>attx-l-replaceds-1.0-SNAPSHOT.jar</jarName>
              <menuName>attx-l-replaceds</menuName>
              <name>attx-l-replaceds</name>
              <rawConf>&lt;object-stream&gt;
  &lt;MasterConfigObject&gt;
    &lt;configurations&gt;
      &lt;entry&gt;
        &lt;string&gt;dpu_config&lt;/string&gt;
        &lt;string&gt;&amp;lt;object-stream&amp;gt;
  &amp;lt;org.uh.hulib.attx.wc.uv.l.replaceds.ReplaceDSConfig__V1/&amp;gt;
&amp;lt;/object-stream&amp;gt;&lt;/string&gt;
      &lt;/entry&gt;
    &lt;/configurations&gt;
  &lt;/MasterConfigObject&gt;
&lt;/object-stream&gt;</rawConf>
              <useDPUDescription>false</useDPUDescription>
            </template>
            <useDPUDescription>false</useDPUDescription>
            <useTemplateConfig>false</useTemplateConfig>
          </dpuInstance>
          <executions class="org.eclipse.persistence.indirection.IndirectSet"/>
          <graph reference="../../../.."/>
          <position>
            <x>652</x>
            <y>265</y>
          </position>
        </to>
      </cz.cuni.mff.xrg.odcs.commons.app.pipeline.graph.Edge>
      <cz.cuni.mff.xrg.odcs.commons.app.pipeline.graph.Edge>
        <from>
          <dpuInstance>
            <description></description>
            <menuName>attx-t-describeexternalds</menuName>
            <messageRecords class="org.eclipse.persistence.indirection.IndirectSet"/>
            <name>attx-t-describeexternalds</name>
            <node reference="../.."/>
            <rawConf>&lt;object-stream&gt;
  &lt;MasterConfigObject&gt;
    &lt;configurations&gt;
      &lt;entry&gt;
        &lt;string&gt;dpu_config&lt;/string&gt;
        &lt;string&gt;&amp;lt;object-stream&amp;gt;
  &amp;lt;org.uh.hulib.attx.wc.uv.t.describeexternalds.DescribeExternalDSConfig__V1&amp;gt;
    &amp;lt;title&amp;gt;Etsin datasets&amp;lt;/title&amp;gt;
    &amp;lt;description&amp;gt;etsin&amp;lt;/description&amp;gt;
    &amp;lt;licence&amp;gt;http://data.hulib.helsinki.fi/attx/onto#Unknown&amp;lt;/licence&amp;gt;
  &amp;lt;/org.uh.hulib.attx.wc.uv.t.describeexternalds.DescribeExternalDSConfig__V1&amp;gt;
&amp;lt;/object-stream&amp;gt;&lt;/string&gt;
      &lt;/entry&gt;
    &lt;/configurations&gt;
  &lt;/MasterConfigObject&gt;
&lt;/object-stream&gt;</rawConf>
            <template>
              <description></description>
              <jarName>attx-t-describeexternalds-1.0-SNAPSHOT.jar</jarName>
              <menuName>attx-t-describeexternalds</menuName>
              <name>attx-t-describeexternalds</name>
              <rawConf>&lt;object-stream&gt;
  &lt;MasterConfigObject&gt;
    &lt;configurations&gt;
      &lt;entry&gt;
        &lt;string&gt;dpu_config&lt;/string&gt;
        &lt;string&gt;&amp;lt;object-stream&amp;gt;
  &amp;lt;org.uh.hulib.attx.wc.uv.t.describeexternalds.DescribeExternalDSConfig__V1&amp;gt;
    &amp;lt;title&amp;gt;&amp;lt;/title&amp;gt;
    &amp;lt;description&amp;gt;&amp;lt;/description&amp;gt;
    &amp;lt;licence&amp;gt;&amp;lt;/licence&amp;gt;
  &amp;lt;/org.uh.hulib.attx.wc.uv.t.describeexternalds.DescribeExternalDSConfig__V1&amp;gt;
&amp;lt;/object-stream&amp;gt;&lt;/string&gt;
      &lt;/entry&gt;
    &lt;/configurations&gt;
  &lt;/MasterConfigObject&gt;
&lt;/object-stream&gt;</rawConf>
              <useDPUDescription>false</useDPUDescription>
            </template>
            <useDPUDescription>false</useDPUDescription>
            <useTemplateConfig>false</useTemplateConfig>
          </dpuInstance>
          <executions class="org.eclipse.persistence.indirection.IndirectSet"/>
          <graph reference="../../../.."/>
          <position>
            <x>651</x>
            <y>176</y>
          </position>
        </from>
        <graph reference="../../.."/>
        <script>metadata -&gt; inputDatasetMetadata;</script>
        <to reference="../../cz.cuni.mff.xrg.odcs.commons.app.pipeline.graph.Edge[2]/to"/>
      </cz.cuni.mff.xrg.odcs.commons.app.pipeline.graph.Edge>
      <cz.cuni.mff.xrg.odcs.commons.app.pipeline.graph.Edge>
        <from>
          <dpuInstance>
            <description></description>
            <menuName>attx-e-selectds</menuName>
            <messageRecords class="org.eclipse.persistence.indirection.IndirectSet"/>
            <name>attx-e-selectds</name>
            <node reference="../.."/>
            <rawConf>&lt;object-stream&gt;
  &lt;MasterConfigObject&gt;
    &lt;configurations&gt;
      &lt;entry&gt;
        &lt;string&gt;dpu_config&lt;/string&gt;
        &lt;string&gt;&amp;lt;object-stream&amp;gt;
  &amp;lt;org.uh.hulib.attx.uv.e.selectds.SelectDSConfig__V1&amp;gt;
    &amp;lt;inputGraphs&amp;gt;
      &amp;lt;org.uh.hulib.attx.uv.e.selectds.OptionValue&amp;gt;
        &amp;lt;value&amp;gt;http://data.hulib.helsinki.fi/attx/work/wf_3_step_13/output&amp;lt;/value&amp;gt;
        &amp;lt;label&amp;gt;uh-orgs&amp;lt;/label&amp;gt;
      &amp;lt;/org.uh.hulib.attx.uv.e.selectds.OptionValue&amp;gt;
    &amp;lt;/inputGraphs&amp;gt;
  &amp;lt;/org.uh.hulib.attx.uv.e.selectds.SelectDSConfig__V1&amp;gt;
&amp;lt;/object-stream&amp;gt;&lt;/string&gt;
      &lt;/entry&gt;
    &lt;/configurations&gt;
  &lt;/MasterConfigObject&gt;
&lt;/object-stream&gt;</rawConf>
            <template>
              <description></description>
              <jarName>attx-e-selectds-1.0-SNAPSHOT.jar</jarName>
              <menuName>attx-e-selectds</menuName>
              <name>attx-e-selectds</name>
              <rawConf>&lt;object-stream&gt;
  &lt;MasterConfigObject&gt;
    &lt;configurations&gt;
      &lt;entry&gt;
        &lt;string&gt;dpu_config&lt;/string&gt;
        &lt;string&gt;&amp;lt;object-stream&amp;gt;
  &amp;lt;org.uh.hulib.attx.uv.e.selectds.SelectDSConfig__V1&amp;gt;
    &amp;lt;inputGraphs/&amp;gt;
  &amp;lt;/org.uh.hulib.attx.uv.e.selectds.SelectDSConfig__V1&amp;gt;
&amp;lt;/object-stream&amp;gt;&lt;/string&gt;
      &lt;/entry&gt;
    &lt;/configurations&gt;
  &lt;/MasterConfigObject&gt;
&lt;/object-stream&gt;</rawConf>
              <useDPUDescription>false</useDPUDescription>
            </template>
            <useDPUDescription>false</useDPUDescription>
            <useTemplateConfig>false</useTemplateConfig>
          </dpuInstance>
          <executions class="org.eclipse.persistence.indirection.IndirectSet"/>
          <graph reference="../../../.."/>
          <position>
            <x>370</x>
            <y>40</y>
          </position>
        </from>
        <graph reference="../../.."/>
        <script>datasetURIs -&gt; datasetURIs;</script>
        <to reference="../../cz.cuni.mff.xrg.odcs.commons.app.pipeline.graph.Edge/from"/>
      </cz.cuni.mff.xrg.odcs.commons.app.pipeline.graph.Edge>
      <cz.cuni.mff.xrg.odcs.commons.app.pipeline.graph.Edge>
        <from>
          <dpuInstance>
            <description></description>
            <menuName>attx-t-rmlservice</menuName>
            <messageRecords class="org.eclipse.persistence.indirection.IndirectSet"/>
            <name>attx-t-rmlservice</name>
            <node reference="../.."/>
            <rawConf>&lt;object-stream&gt;
  &lt;MasterConfigObject&gt;
    &lt;configurations&gt;
      &lt;entry&gt;
        &lt;string&gt;dpu_config&lt;/string&gt;
        &lt;string&gt;&amp;lt;object-stream&amp;gt;
  &amp;lt;org.uh.hulib.attx.wc.uv.t.rmlservice.RMLServiceConfig__V1&amp;gt;
    &amp;lt;configuration&amp;gt;@prefix rr: &amp;amp;lt;http://www.w3.org/ns/r2rml#&amp;amp;gt;.
@prefix rml: &amp;amp;lt;http://semweb.mmlab.be/ns/rml#&amp;amp;gt;.
@prefix ql: &amp;amp;lt;http://semweb.mmlab.be/ns/ql#&amp;amp;gt;.
@prefix ex: &amp;amp;lt;http://example.com/ns#&amp;amp;gt;.
@prefix xsd: &amp;amp;lt;http://www.w3.org/2001/XMLSchema#&amp;amp;gt;.
@prefix rdfs: &amp;amp;lt;http://www.w3.org/2000/01/rdf-schema#&amp;amp;gt;.
@prefix attx: &amp;amp;lt;http://data.hulib.helsinki.fi/attx/&amp;amp;gt; .
@prefix attx-work: &amp;amp;lt;http://data.hulib.helsinki.fi/attx/work#&amp;amp;gt; .
@prefix dct: &amp;amp;lt;http://purl.org/dc/terms/&amp;amp;gt; .
@prefix dc: &amp;amp;lt;http://purl.org/dc/elements/1.1/&amp;amp;gt; .
@prefix etsin: &amp;amp;lt;http://etsin.avointiede.fi/&amp;amp;gt; .
@prefix etsin-ds: &amp;amp;lt;http://etsin.avointiede.fi/dataset/&amp;amp;gt; .
@prefix oai: &amp;amp;lt;http://www.openarchives.org/OAI/2.0/&amp;amp;gt; .

&amp;amp;lt;etsin:creators&amp;amp;gt;
  rml:logicalSource [
    rml:source &amp;amp;quot;{filename}&amp;amp;quot;  ;
    rml:referenceFormulation ql:XPath ;
    rml:iterator &amp;amp;quot;/*[local-name()=&amp;amp;apos;OAI-PMH&amp;amp;apos;]/*[local-name()=&amp;amp;apos;ListRecords&amp;amp;apos;]/*[local-name()=&amp;amp;apos;record&amp;amp;apos;]/*[local-name()=&amp;amp;apos;metadata&amp;amp;apos;]/*[local-name()=&amp;amp;apos;dc&amp;amp;apos;]/*[local-name()=&amp;amp;apos;creator&amp;amp;apos;]&amp;amp;quot;
  ];

  rr:subjectMap [
    rr:class attx-work:Creator ;
    rr:template &amp;amp;quot;affiliated-creator:{text()}&amp;amp;quot; ;

  ];

  rr:predicateObjectMap [
      rr:predicate attx-work:creatorName;
      rr:objectMap [
        rml:reference &amp;amp;quot;.&amp;amp;quot; ;
      ]
    ];

  rr:predicateObjectMap [
      rr:predicate attx-work:affiliation;
      rr:objectMap [
        rr:constant &amp;amp;quot;none&amp;amp;quot; ;
      ]
    ];

  rr:predicateObjectMap [
      rr:predicate attx-work:nameIdentifier;
      rr:objectMap [
        rr:constant &amp;amp;quot;none&amp;amp;quot; ;
      ]
    ];

.

&amp;amp;lt;etsin:contributors&amp;amp;gt;
  rml:logicalSource [
    rml:source &amp;amp;quot;{filename}&amp;amp;quot;  ;
    rml:referenceFormulation ql:XPath ;
    rml:iterator &amp;amp;quot;/*[local-name()=&amp;amp;apos;OAI-PMH&amp;amp;apos;]/*[local-name()=&amp;amp;apos;ListRecords&amp;amp;apos;]/*[local-name()=&amp;amp;apos;record&amp;amp;apos;]/*[local-name()=&amp;amp;apos;metadata&amp;amp;apos;]/*[local-name()=&amp;amp;apos;dc&amp;amp;apos;]/*[local-name()=&amp;amp;apos;contributor&amp;amp;apos;]&amp;amp;quot;
  ];

  rr:subjectMap [
    rr:class attx-work:Contributor ;
    rr:template &amp;amp;quot;contributors:{.}&amp;amp;quot; ;

  ];

  rr:predicateObjectMap [
      rr:predicate attx-work:creatorName;
      rr:objectMap [
        rml:reference &amp;amp;quot;.&amp;amp;quot; ;
      ]
    ];

  rr:predicateObjectMap [
      rr:predicate attx-work:affiliation;
      rr:objectMap [
        rr:constant &amp;amp;quot;none&amp;amp;quot; ;
      ]
    ];

  rr:predicateObjectMap [
      rr:predicate attx-work:nameIdentifier;
      rr:objectMap [
        rr:constant &amp;amp;quot;none&amp;amp;quot; ;
      ]
    ];

.


&amp;amp;lt;etsin:datasets&amp;amp;gt;
  rml:logicalSource [
    rml:source &amp;amp;quot;{filename}&amp;amp;quot;  ;
    rml:referenceFormulation ql:XPath ;
    rml:iterator &amp;amp;quot;/*[local-name()=&amp;amp;apos;OAI-PMH&amp;amp;apos;]/*[local-name()=&amp;amp;apos;ListRecords&amp;amp;apos;]/*[local-name()=&amp;amp;apos;record&amp;amp;apos;]&amp;amp;quot;
  ];


  rr:subjectMap [
    rr:template &amp;amp;quot;http://urn.fi/{*[local-name()=&amp;amp;apos;header&amp;amp;apos;]/*[local-name()=&amp;amp;apos;identifier&amp;amp;apos;]}&amp;amp;quot; ;
    rr:class attx-work:uh-dataset ;
  ];

  rr:predicateObjectMap [
      rr:predicate attx-work:title;
      rr:objectMap [
        rml:reference &amp;amp;quot;*[local-name()=&amp;amp;apos;metadata&amp;amp;apos;]/*[local-name()=&amp;amp;apos;dc&amp;amp;apos;]/*[local-name()=&amp;amp;apos;title&amp;amp;apos;]&amp;amp;quot;
      ]
    ];

  rr:predicateObjectMap [
      rr:predicate attx-work:description;
      rr:objectMap [
        rml:reference &amp;amp;quot;*[local-name()=&amp;amp;apos;metadata&amp;amp;apos;]/*[local-name()=&amp;amp;apos;dc&amp;amp;apos;]/*[local-name()=&amp;amp;apos;description&amp;amp;apos;]&amp;amp;quot;
      ]
    ];

  rr:predicateObjectMap [
      rr:predicate attx-work:publisher;
      rr:objectMap [
        rml:reference &amp;amp;quot;*[local-name()=&amp;amp;apos;metadata&amp;amp;apos;]/*[local-name()=&amp;amp;apos;dc&amp;amp;apos;]/*[local-name()=&amp;amp;apos;publisher&amp;amp;apos;]&amp;amp;quot;
      ]
    ];

  rr:predicateObjectMap [
      rr:predicate attx-work:language;
      rr:objectMap [
        rml:reference &amp;amp;quot;*[local-name()=&amp;amp;apos;metadata&amp;amp;apos;]/*[local-name()=&amp;amp;apos;dc&amp;amp;apos;]/*[local-name()=&amp;amp;apos;language&amp;amp;apos;]&amp;amp;quot;
      ]
    ];

  rr:predicateObjectMap [
      rr:predicate attx-work:resourceType;
      rr:objectMap [
        rr:template &amp;amp;quot;resource-type:{*[local-name()=&amp;amp;apos;metadata&amp;amp;apos;]/*[local-name()=&amp;amp;apos;dc&amp;amp;apos;]/*[local-name()=&amp;amp;apos;type&amp;amp;apos;]}&amp;amp;quot;
      ]
    ];

  rr:predicateObjectMap [
      rr:predicate attx-work:date;
      rr:objectMap [
        rml:reference &amp;amp;quot;*[local-name()=&amp;amp;apos;metadata&amp;amp;apos;]/*[local-name()=&amp;amp;apos;dc&amp;amp;apos;]/*[local-name()=&amp;amp;apos;date&amp;amp;apos;]&amp;amp;quot;
      ]
    ];

  rr:predicateObjectMap [
      rr:predicate attx-work:keyword;
      rr:objectMap [
        rml:reference &amp;amp;quot;*[local-name()=&amp;amp;apos;metadata&amp;amp;apos;]/*[local-name()=&amp;amp;apos;dc&amp;amp;apos;]/*[local-name()=&amp;amp;apos;subject&amp;amp;apos;]&amp;amp;quot;
      ]
    ];

  rr:predicateObjectMap [
      rr:predicate attx-work:creatorsimple;
      rr:objectMap [
        #rr:parentTriplesMap &amp;amp;lt;etsin:creators&amp;amp;gt;
        #rr:template &amp;amp;quot;etsin:affiliated-creator/{*[local-name()=&amp;amp;apos;metadata&amp;amp;apos;]/*[local-name()=&amp;amp;apos;dc&amp;amp;apos;]/*[local-name()=&amp;amp;apos;creator&amp;amp;apos;]/text()}&amp;amp;quot; ;
        rml:reference &amp;amp;quot;*[local-name()=&amp;amp;apos;metadata&amp;amp;apos;]/*[local-name()=&amp;amp;apos;dc&amp;amp;apos;]/*[local-name()=&amp;amp;apos;creator&amp;amp;apos;]/text() &amp;amp;quot; ;
        #rr:termType rr:IRI;
      ]
    ];

  rr:predicateObjectMap [
      rr:predicate attx-work:contributorsimple;
      rr:objectMap [
        #rr:parentTriplesMap &amp;amp;lt;etsin:contributors&amp;amp;gt;
        #rr:template &amp;amp;quot;etsin:affiliated-creator/{*[local-name()=&amp;amp;apos;metadata&amp;amp;apos;]/*[local-name()=&amp;amp;apos;dc&amp;amp;apos;]/*[local-name()=&amp;amp;apos;creator&amp;amp;apos;]/text()}&amp;amp;quot; ;
        rml:reference &amp;amp;quot;*[local-name()=&amp;amp;apos;metadata&amp;amp;apos;]/*[local-name()=&amp;amp;apos;dc&amp;amp;apos;]/*[local-name()=&amp;amp;apos;contributor&amp;amp;apos;]/text()&amp;amp;quot; ;
        #rr:termType rr:IRI;
      ]
    ];
.
&amp;lt;/configuration&amp;gt;
  &amp;lt;/org.uh.hulib.attx.wc.uv.t.rmlservice.RMLServiceConfig__V1&amp;gt;
&amp;lt;/object-stream&amp;gt;&lt;/string&gt;
      &lt;/entry&gt;
    &lt;/configurations&gt;
  &lt;/MasterConfigObject&gt;
&lt;/object-stream&gt;</rawConf>
            <template>
              <description></description>
              <jarName>attx-t-rmlservice-1.0-SNAPSHOT.jar</jarName>
              <menuName>attx-t-rmlservice</menuName>
              <name>attx-t-rmlservice</name>
              <rawConf>&lt;object-stream&gt;
  &lt;MasterConfigObject&gt;
    &lt;configurations&gt;
      &lt;entry&gt;
        &lt;string&gt;dpu_config&lt;/string&gt;
        &lt;string&gt;&amp;lt;object-stream&amp;gt;
  &amp;lt;org.uh.hulib.attx.wc.uv.t.rmlservice.RMLServiceConfig__V1&amp;gt;
    &amp;lt;configuration&amp;gt;&amp;lt;/configuration&amp;gt;
  &amp;lt;/org.uh.hulib.attx.wc.uv.t.rmlservice.RMLServiceConfig__V1&amp;gt;
&amp;lt;/object-stream&amp;gt;&lt;/string&gt;
      &lt;/entry&gt;
    &lt;/configurations&gt;
  &lt;/MasterConfigObject&gt;
&lt;/object-stream&gt;</rawConf>
              <useDPUDescription>false</useDPUDescription>
            </template>
            <useDPUDescription>false</useDPUDescription>
            <useTemplateConfig>false</useTemplateConfig>
          </dpuInstance>
          <executions class="org.eclipse.persistence.indirection.IndirectSet"/>
          <graph reference="../../../.."/>
          <position>
            <x>374</x>
            <y>268</y>
          </position>
        </from>
        <graph reference="../../.."/>
        <script>datasetURI -&gt; dataURI;</script>
        <to reference="../../cz.cuni.mff.xrg.odcs.commons.app.pipeline.graph.Edge[2]/to"/>
      </cz.cuni.mff.xrg.odcs.commons.app.pipeline.graph.Edge>
      <cz.cuni.mff.xrg.odcs.commons.app.pipeline.graph.Edge>
        <from reference="../../cz.cuni.mff.xrg.odcs.commons.app.pipeline.graph.Edge/to"/>
        <graph reference="../../.."/>
        <script>harvestedFiles -&gt; fileInput;</script>
        <to reference="../../cz.cuni.mff.xrg.odcs.commons.app.pipeline.graph.Edge[5]/from"/>
      </cz.cuni.mff.xrg.odcs.commons.app.pipeline.graph.Edge>
    </edges>
    <nodes>
      <cz.cuni.mff.xrg.odcs.commons.app.pipeline.graph.Node reference="../../edges/cz.cuni.mff.xrg.odcs.commons.app.pipeline.graph.Edge[4]/from"/>
      <cz.cuni.mff.xrg.odcs.commons.app.pipeline.graph.Node reference="../../edges/cz.cuni.mff.xrg.odcs.commons.app.pipeline.graph.Edge/to"/>
      <cz.cuni.mff.xrg.odcs.commons.app.pipeline.graph.Node reference="../../edges/cz.cuni.mff.xrg.odcs.commons.app.pipeline.graph.Edge/from"/>
      <cz.cuni.mff.xrg.odcs.commons.app.pipeline.graph.Node reference="../../edges/cz.cuni.mff.xrg.odcs.commons.app.pipeline.graph.Edge[3]/from"/>
      <cz.cuni.mff.xrg.odcs.commons.app.pipeline.graph.Node reference="../../edges/cz.cuni.mff.xrg.odcs.commons.app.pipeline.graph.Edge[2]/to"/>
      <cz.cuni.mff.xrg.odcs.commons.app.pipeline.graph.Node reference="../../edges/cz.cuni.mff.xrg.odcs.commons.app.pipeline.graph.Edge[5]/from"/>
      <cz.cuni.mff.xrg.odcs.commons.app.pipeline.graph.Node reference="../../edges/cz.cuni.mff.xrg.odcs.commons.app.pipeline.graph.Edge[2]/from"/>
    </nodes>
    <pipeline reference="../.."/>
  </graph>
  <lastChange>2018-07-11 06:42:55.0 UTC</lastChange>
  <name>etsin-harvest-uh-datasets</name>
  <openEvents class="org.eclipse.persistence.indirection.IndirectSet"/>
  <schedules class="org.eclipse.persistence.indirection.IndirectSet"/>
  <shareType>PRIVATE</shareType>
</cz.cuni.mff.xrg.odcs.commons.app.pipeline.Pipeline>