<cz.cuni.mff.xrg.odcs.commons.app.pipeline.Pipeline>
  <description></description>
  <executions class="org.eclipse.persistence.indirection.IndirectSet"/>
  <graph>
    <edges>
      <cz.cuni.mff.xrg.odcs.commons.app.pipeline.graph.Edge>
        <from>
          <dpuInstance>
            <description></description>
            <menuName>SearchResults_page2</menuName>
            <messageRecords class="org.eclipse.persistence.indirection.IndirectSet"/>
            <name>SearchResults_page2</name>
            <node reference="../.."/>
            <rawConf>&lt;object-stream&gt;
  &lt;MasterConfigObject&gt;
    &lt;configurations&gt;
      &lt;entry&gt;
        &lt;string&gt;dpu_config&lt;/string&gt;
        &lt;string&gt;&amp;lt;object-stream&amp;gt;
  &amp;lt;eu.unifiedviews.plugins.extractor.httprequest.HttpRequestConfig__V1&amp;gt;
    &amp;lt;postRequestDataType&amp;gt;RAW_DATA&amp;lt;/postRequestDataType&amp;gt;
    &amp;lt;requestType&amp;gt;GET&amp;lt;/requestType&amp;gt;
    &amp;lt;charset&amp;gt;UTF-8&amp;lt;/charset&amp;gt;
    &amp;lt;contentType&amp;gt;TEXT&amp;lt;/contentType&amp;gt;
    &amp;lt;requestURL&amp;gt;https://b2share.eudat.eu/api/records?page=2&amp;amp;amp;size=500&amp;lt;/requestURL&amp;gt;
    &amp;lt;rawRequestBody&amp;gt;&amp;lt;/rawRequestBody&amp;gt;
    &amp;lt;useAuthentication&amp;gt;false&amp;lt;/useAuthentication&amp;gt;
    &amp;lt;formDataRequestBody/&amp;gt;
    &amp;lt;fileName&amp;gt;http_response2&amp;lt;/fileName&amp;gt;
  &amp;lt;/eu.unifiedviews.plugins.extractor.httprequest.HttpRequestConfig__V1&amp;gt;
&amp;lt;/object-stream&amp;gt;&lt;/string&gt;
      &lt;/entry&gt;
      &lt;entry&gt;
        &lt;string&gt;addon/faultToleranceWrap&lt;/string&gt;
        &lt;string&gt;&amp;lt;object-stream&amp;gt;
  &amp;lt;eu.unifiedviews.helpers.dpu.extension.faulttolerance.FaultTolerance_-Configuration__V1&amp;gt;
    &amp;lt;enabled&amp;gt;false&amp;lt;/enabled&amp;gt;
    &amp;lt;exceptionNames class=&amp;quot;linked-list&amp;quot;/&amp;gt;
    &amp;lt;maxRetryCount&amp;gt;-1&amp;lt;/maxRetryCount&amp;gt;
  &amp;lt;/eu.unifiedviews.helpers.dpu.extension.faulttolerance.FaultTolerance_-Configuration__V1&amp;gt;
&amp;lt;/object-stream&amp;gt;&lt;/string&gt;
      &lt;/entry&gt;
    &lt;/configurations&gt;
  &lt;/MasterConfigObject&gt;
&lt;/object-stream&gt;</rawConf>
            <template>
              <description></description>
              <jarName>uv-e-httpRequest-1.0.0.jar</jarName>
              <menuName>uv-e-httpRequest</menuName>
              <name>uv-e-httpRequest</name>
              <rawConf>&lt;object-stream&gt;
  &lt;MasterConfigObject&gt;
    &lt;configurations&gt;
      &lt;entry&gt;
        &lt;string&gt;dpu_config&lt;/string&gt;
        &lt;string&gt;&amp;lt;object-stream&amp;gt;
  &amp;lt;eu.unifiedviews.plugins.extractor.httprequest.HttpRequestConfig__V1&amp;gt;
    &amp;lt;postRequestDataType&amp;gt;RAW_DATA&amp;lt;/postRequestDataType&amp;gt;
    &amp;lt;requestType&amp;gt;GET&amp;lt;/requestType&amp;gt;
    &amp;lt;charset&amp;gt;UTF-8&amp;lt;/charset&amp;gt;
    &amp;lt;contentType&amp;gt;TEXT&amp;lt;/contentType&amp;gt;
    &amp;lt;requestURL&amp;gt;&amp;lt;/requestURL&amp;gt;
    &amp;lt;rawRequestBody&amp;gt;&amp;lt;/rawRequestBody&amp;gt;
    &amp;lt;useAuthentication&amp;gt;false&amp;lt;/useAuthentication&amp;gt;
    &amp;lt;formDataRequestBody/&amp;gt;
    &amp;lt;fileName&amp;gt;http_response&amp;lt;/fileName&amp;gt;
  &amp;lt;/eu.unifiedviews.plugins.extractor.httprequest.HttpRequestConfig__V1&amp;gt;
&amp;lt;/object-stream&amp;gt;&lt;/string&gt;
      &lt;/entry&gt;
    &lt;/configurations&gt;
  &lt;/MasterConfigObject&gt;
&lt;/object-stream&gt;</rawConf>
              <useDPUDescription>false</useDPUDescription>
            </template>
            <useDPUDescription>false</useDPUDescription>
            <useTemplateConfig>false</useTemplateConfig>
          </dpuInstance>
          <executions class="org.eclipse.persistence.indirection.IndirectSet"/>
          <graph reference="../../../.."/>
          <position>
            <x>402</x>
            <y>32</y>
          </position>
        </from>
        <graph reference="../../.."/>
        <script>requestOutput -&gt; fileInput;</script>
        <to>
          <dpuInstance>
            <description></description>
            <menuName>attx-t-rmlservice</menuName>
            <messageRecords class="org.eclipse.persistence.indirection.IndirectSet"/>
            <name>attx-t-rmlservice</name>
            <node reference="../.."/>
            <rawConf>&lt;object-stream&gt;
  &lt;MasterConfigObject&gt;
    &lt;configurations&gt;
      &lt;entry&gt;
        &lt;string&gt;dpu_config&lt;/string&gt;
        &lt;string&gt;&amp;lt;object-stream&amp;gt;
  &amp;lt;org.uh.hulib.attx.wc.uv.t.rmlservice.RMLServiceConfig__V1&amp;gt;
    &amp;lt;configuration&amp;gt;@prefix rr: &amp;amp;lt;http://www.w3.org/ns/r2rml#&amp;amp;gt;.
@prefix rml: &amp;amp;lt;http://semweb.mmlab.be/ns/rml#&amp;amp;gt;.
@prefix ql: &amp;amp;lt;http://semweb.mmlab.be/ns/ql#&amp;amp;gt;.
@prefix ex: &amp;amp;lt;http://example.com/ns#&amp;amp;gt;.
@prefix xsd: &amp;amp;lt;http://www.w3.org/2001/XMLSchema#&amp;amp;gt;.
@prefix rdfs: &amp;amp;lt;http://www.w3.org/2000/01/rdf-schema#&amp;amp;gt;.
@prefix attx: &amp;amp;lt;http://data.hulib.helsinki.fi/attx/&amp;amp;gt; .
@prefix attx-work: &amp;amp;lt;http://data.hulib.helsinki.fi/attx/work#&amp;amp;gt; .
@prefix dct: &amp;amp;lt;http://purl.org/dc/terms/&amp;amp;gt; .
@prefix etsin: &amp;amp;lt;http://etsin.avointiede.fi/&amp;amp;gt; .


&amp;amp;lt;b2share:doi-identifiers&amp;amp;gt;
  rml:logicalSource [
    rml:source &amp;amp;quot;{filename}&amp;amp;quot;  ;
    rml:referenceFormulation ql:JSONPath ;
    rml:iterator &amp;amp;quot;$.hits.hits[*].metadata.DOI&amp;amp;quot;
  ];

  rr:subjectMap [
    rr:template &amp;amp;quot;doi:{@}&amp;amp;quot; ;
    rr:class attx-work:ID ;
  ];

  rr:predicateObjectMap [
      rr:predicate attx-work:value;
      rr:objectMap [
        rml:reference &amp;amp;quot;@&amp;amp;quot; ;
      ]
    ];

  rr:predicateObjectMap [
      rr:predicate attx-work:type;
      rr:objectMap [
        rr:constant &amp;amp;quot;doi&amp;amp;quot;
      ]
    ];
.

&amp;amp;lt;b2share:epic-identifiers&amp;amp;gt;
  rml:logicalSource [
    rml:source &amp;amp;quot;{filename}&amp;amp;quot;  ;
    rml:referenceFormulation ql:JSONPath ;
    rml:iterator &amp;amp;quot;$.hits.hits[*].metadata.ePIC_PID&amp;amp;quot;
  ];

  rr:subjectMap [
    rr:template &amp;amp;quot;handle:{@}&amp;amp;quot; ;
    rr:class attx-work:ID ;
  ];

  rr:predicateObjectMap [
      rr:predicate attx-work:value;
      rr:objectMap [
        rml:reference &amp;amp;quot;@&amp;amp;quot; ;
      ]
    ];

  rr:predicateObjectMap [
      rr:predicate attx-work:type;
      rr:objectMap [
        rr:constant &amp;amp;quot;ePIC_PID&amp;amp;quot;
      ]
    ];
.

&amp;amp;lt;b2share:related&amp;amp;gt;
  rml:logicalSource [
    rml:source &amp;amp;quot;{filename}&amp;amp;quot;  ;
    rml:referenceFormulation ql:JSONPath ;
    rml:iterator &amp;amp;quot;$.hits.hits[*].metadata.related_identifiers[*]&amp;amp;quot;
  ];

  rr:subjectMap [
    rr:template &amp;amp;quot;{scheme}:{identifier}&amp;amp;quot; ;
    rr:class attx-work:ID ;
  ];

  rr:predicateObjectMap [
      rr:predicate attx-work:value;
      rr:objectMap [
        rml:reference &amp;amp;quot;identifier&amp;amp;quot; ;
      ]
    ];

  rr:predicateObjectMap [
      rr:predicate attx-work:scheme;
      rr:objectMap [
        rml:reference &amp;amp;quot;scheme&amp;amp;quot;
      ]
    ];

.

&amp;amp;lt;b2share:creators&amp;amp;gt;
  rml:logicalSource [
    rml:source &amp;amp;quot;{filename}&amp;amp;quot;  ;
    rml:referenceFormulation ql:JSONPath ;
    rml:iterator &amp;amp;quot;$.hits.hits[*].metadata.creators[*]&amp;amp;quot;
  ];

  rr:subjectMap [
    rr:class attx-work:Creator ;
    rr:template &amp;amp;quot;affiliated-creator:{creator_name}&amp;amp;quot; ;

  ];

  rr:predicateObjectMap [
      rr:predicate attx-work:creatorName;
      rr:objectMap [
        rml:reference &amp;amp;quot;creator_name&amp;amp;quot; ;
      ]
    ];

  rr:predicateObjectMap [
      rr:predicate attx-work:affiliation;
      rr:objectMap [
        rr:constant &amp;amp;quot;none&amp;amp;quot; ;
      ]
    ];

  rr:predicateObjectMap [
      rr:predicate attx-work:nameIdentifier;
      rr:objectMap [
        rr:constant &amp;amp;quot;none&amp;amp;quot; ;
      ]
    ];

.

&amp;amp;lt;b2share:contributors&amp;amp;gt;
  rml:logicalSource [
    rml:source &amp;amp;quot;{filename}&amp;amp;quot;  ;
    rml:referenceFormulation ql:JSONPath ;
    rml:iterator &amp;amp;quot;$.hits.hits[*].metadata.contributors[*]&amp;amp;quot;
  ];
  rr:subjectMap [
    rr:template &amp;amp;quot;contributor:{contributor_name}-{contributor_type}&amp;amp;quot; ;
    rr:class attx-work:Contributor ;

  ];

  rr:predicateObjectMap [
      rr:predicate attx-work:contributorName;
      rr:objectMap [
        rml:reference &amp;amp;quot;contributor_name&amp;amp;quot; ;
      ]
    ];
  rr:predicateObjectMap [
      rr:predicate attx-work:contributorType;
      rr:objectMap [
        rml:reference &amp;amp;quot;contributor_type&amp;amp;quot; ;
      ]
    ];

  rr:predicateObjectMap [
      rr:predicate attx-work:nameIdentifier;
      rr:objectMap [
        rr:constant &amp;amp;quot;none&amp;amp;quot; ;
      ]
    ];
.


&amp;amp;lt;b2share:licenses&amp;amp;gt;
  rml:logicalSource [
    rml:source &amp;amp;quot;{filename}&amp;amp;quot;  ;
    rml:referenceFormulation ql:JSONPath ;
    rml:iterator &amp;amp;quot;$.hits.hits[*]&amp;amp;quot;
  ];
  rr:subjectMap [
    rr:template &amp;amp;quot;license:{metadata.license.license}&amp;amp;quot; ;
    rr:class attx-work:License ;
  ];
  rr:predicateObjectMap [
      rr:predicate attx-work:licenseID;
      rr:objectMap [
        rml:reference &amp;amp;quot;metadata.license.license_uri&amp;amp;quot; ;
      ]
    ];
  rr:predicateObjectMap [
      rr:predicate attx-work:title;
      rr:objectMap [
        rml:reference &amp;amp;quot;metadata.license.license&amp;amp;quot; ;
      ]
    ];

.

&amp;amp;lt;b2share:resource-types&amp;amp;gt;
  rml:logicalSource [
    rml:source &amp;amp;quot;{filename}&amp;amp;quot;  ;
    rml:referenceFormulation ql:JSONPath ;
    rml:iterator &amp;amp;quot;$.hits.hits[*].metadata.resource_types[*].resource_type_general&amp;amp;quot;
  ];
  rr:subjectMap [
    rr:template &amp;amp;quot;resource-type:{@}&amp;amp;quot; ;
    rr:class attx-work:ResourceType ;
  ];
  rr:predicateObjectMap [
      rr:predicate attx-work:type;
      rr:objectMap [
        rml:reference &amp;amp;quot;@&amp;amp;quot; ;
      ]
    ];
  rr:predicateObjectMap [
      rr:predicate attx-work:title;
      rr:objectMap [
        rml:reference &amp;amp;quot;@&amp;amp;quot; ;
      ]
    ];
.


&amp;amp;lt;b2share:datasets&amp;amp;gt;
  rml:logicalSource [
    rml:source &amp;amp;quot;{filename}&amp;amp;quot;  ;
    rml:referenceFormulation ql:JSONPath ;
    rml:iterator &amp;amp;quot;$.hits.hits[*]&amp;amp;quot;
  ];

  rr:subjectMap [
    rr:template &amp;amp;quot;b2share:{id}&amp;amp;quot; ;
    rr:class attx-work:Dataset ;
  ];

  rr:predicateObjectMap [
      rr:predicate attx-work:internal-identifier;
      rr:objectMap [
        rml:reference &amp;amp;quot;id&amp;amp;quot; ;
      ]
    ];

  rr:predicateObjectMap [
      rr:predicate attx-work:identifier;
      rr:objectMap [
  #      rr:parentTriplesMap &amp;amp;lt;b2share:doi-identifiers&amp;amp;gt;
          rr:template &amp;amp;quot;doi:{metadata.DOI}&amp;amp;quot;
      ]
    ];

  rr:predicateObjectMap [
      rr:predicate attx-work:identifier;
      rr:objectMap [
        #rr:parentTriplesMap &amp;amp;lt;b2share:epic-identifiers&amp;amp;gt;
        rr:template &amp;amp;quot;handle:{metadata.ePIC_PID}&amp;amp;quot;
      ]
    ];

  rr:predicateObjectMap [
      rr:predicate attx-work:doi;
      rr:objectMap [
        rml:reference &amp;amp;quot;metadata.DOI&amp;amp;quot; ;
      ]
    ];

  rr:predicateObjectMap [
      rr:predicate attx-work:creator;
      rr:objectMap [
        rr:parentTriplesMap &amp;amp;lt;b2share:creators&amp;amp;gt;
      ]
    ];


  rr:predicateObjectMap [
      rr:predicate attx-work:contributor;
      rr:objectMap [
        rr:parentTriplesMap &amp;amp;lt;b2share:contributors&amp;amp;gt; ;
      ]
    ];

  rr:predicateObjectMap [
      rr:predicate attx-work:title;
      rr:objectMap [
        rml:reference &amp;amp;quot;metadata.titles[*].title&amp;amp;quot;
      ]
    ];

  rr:predicateObjectMap [
      rr:predicate attx-work:description;
      rr:objectMap [
        rml:reference &amp;amp;quot;metadata.descriptions[*].description&amp;amp;quot;
      ]
    ];
  rr:predicateObjectMap [
      rr:predicate attx-work:publisher;
      rr:objectMap [
        rml:reference &amp;amp;quot;metadata.publisher&amp;amp;quot;
      ]
    ];

  rr:predicateObjectMap [
      rr:predicate attx-work:pubdate;
      rr:objectMap [
        rml:reference &amp;amp;quot;metadata.publication_date&amp;amp;quot;
      ]
    ];

  rr:predicateObjectMap [
      rr:predicate attx-work:language;
      rr:objectMap [
        rml:reference &amp;amp;quot;metadata.language&amp;amp;quot;
      ]
    ];

  rr:predicateObjectMap [
      rr:predicate attx-work:resourceType;
      rr:objectMap [
        rr:template &amp;amp;quot;resource-type:{metadata.resource_types[*].resource_type_general}&amp;amp;quot;
      ]
    ];

  rr:predicateObjectMap [
      rr:predicate attx-work:keyword;
      rr:objectMap [
        rml:reference &amp;amp;quot;metadata.keywords[*]&amp;amp;quot; ;
        rr:termType rr:Literal;
      ]
    ];

  rr:predicateObjectMap [
      rr:predicate attx-work:license;
      rr:objectMap [
        rr:template &amp;amp;quot;license:{metadata.license.license}&amp;amp;quot; ;
        rr:termType rr:IRI;
      ]
    ];

.
&amp;lt;/configuration&amp;gt;
  &amp;lt;/org.uh.hulib.attx.wc.uv.t.rmlservice.RMLServiceConfig__V1&amp;gt;
&amp;lt;/object-stream&amp;gt;&lt;/string&gt;
      &lt;/entry&gt;
    &lt;/configurations&gt;
  &lt;/MasterConfigObject&gt;
&lt;/object-stream&gt;</rawConf>
            <template>
              <description></description>
              <jarName>attx-t-rmlservice-1.0-SNAPSHOT.jar</jarName>
              <menuName>attx-t-rmlservice</menuName>
              <name>attx-t-rmlservice</name>
              <rawConf>&lt;object-stream&gt;
  &lt;MasterConfigObject&gt;
    &lt;configurations&gt;
      &lt;entry&gt;
        &lt;string&gt;dpu_config&lt;/string&gt;
        &lt;string&gt;&amp;lt;object-stream&amp;gt;
  &amp;lt;org.uh.hulib.attx.wc.uv.t.rmlservice.RMLServiceConfig__V1&amp;gt;
    &amp;lt;configuration&amp;gt;&amp;lt;/configuration&amp;gt;
  &amp;lt;/org.uh.hulib.attx.wc.uv.t.rmlservice.RMLServiceConfig__V1&amp;gt;
&amp;lt;/object-stream&amp;gt;&lt;/string&gt;
      &lt;/entry&gt;
    &lt;/configurations&gt;
  &lt;/MasterConfigObject&gt;
&lt;/object-stream&gt;</rawConf>
              <useDPUDescription>false</useDPUDescription>
            </template>
            <useDPUDescription>false</useDPUDescription>
            <useTemplateConfig>false</useTemplateConfig>
          </dpuInstance>
          <executions class="org.eclipse.persistence.indirection.IndirectSet"/>
          <graph reference="../../../.."/>
          <position>
            <x>412</x>
            <y>150</y>
          </position>
        </to>
      </cz.cuni.mff.xrg.odcs.commons.app.pipeline.graph.Edge>
      <cz.cuni.mff.xrg.odcs.commons.app.pipeline.graph.Edge>
        <from>
          <dpuInstance>
            <description></description>
            <menuName>attx-t-rmlservice</menuName>
            <messageRecords class="org.eclipse.persistence.indirection.IndirectSet"/>
            <name>attx-t-rmlservice</name>
            <node reference="../.."/>
            <rawConf>&lt;object-stream&gt;
  &lt;MasterConfigObject&gt;
    &lt;configurations&gt;
      &lt;entry&gt;
        &lt;string&gt;dpu_config&lt;/string&gt;
        &lt;string&gt;&amp;lt;object-stream&amp;gt;
  &amp;lt;org.uh.hulib.attx.wc.uv.t.rmlservice.RMLServiceConfig__V1&amp;gt;
    &amp;lt;configuration&amp;gt;@prefix rr: &amp;amp;lt;http://www.w3.org/ns/r2rml#&amp;amp;gt;.
@prefix rml: &amp;amp;lt;http://semweb.mmlab.be/ns/rml#&amp;amp;gt;.
@prefix ql: &amp;amp;lt;http://semweb.mmlab.be/ns/ql#&amp;amp;gt;.
@prefix ex: &amp;amp;lt;http://example.com/ns#&amp;amp;gt;.
@prefix xsd: &amp;amp;lt;http://www.w3.org/2001/XMLSchema#&amp;amp;gt;.
@prefix rdfs: &amp;amp;lt;http://www.w3.org/2000/01/rdf-schema#&amp;amp;gt;.
@prefix attx: &amp;amp;lt;http://data.hulib.helsinki.fi/attx/&amp;amp;gt; .
@prefix attx-work: &amp;amp;lt;http://data.hulib.helsinki.fi/attx/work#&amp;amp;gt; .
@prefix dct: &amp;amp;lt;http://purl.org/dc/terms/&amp;amp;gt; .
@prefix etsin: &amp;amp;lt;http://etsin.avointiede.fi/&amp;amp;gt; .


&amp;amp;lt;b2share:doi-identifiers&amp;amp;gt;
  rml:logicalSource [
    rml:source &amp;amp;quot;{filename}&amp;amp;quot;  ;
    rml:referenceFormulation ql:JSONPath ;
    rml:iterator &amp;amp;quot;$.hits.hits[*].metadata.DOI&amp;amp;quot;
  ];

  rr:subjectMap [
    rr:template &amp;amp;quot;doi:{@}&amp;amp;quot; ;
    rr:class attx-work:ID ;
  ];

  rr:predicateObjectMap [
      rr:predicate attx-work:value;
      rr:objectMap [
        rml:reference &amp;amp;quot;@&amp;amp;quot; ;
      ]
    ];

  rr:predicateObjectMap [
      rr:predicate attx-work:type;
      rr:objectMap [
        rr:constant &amp;amp;quot;doi&amp;amp;quot;
      ]
    ];
.

&amp;amp;lt;b2share:epic-identifiers&amp;amp;gt;
  rml:logicalSource [
    rml:source &amp;amp;quot;{filename}&amp;amp;quot;  ;
    rml:referenceFormulation ql:JSONPath ;
    rml:iterator &amp;amp;quot;$.hits.hits[*].metadata.ePIC_PID&amp;amp;quot;
  ];

  rr:subjectMap [
    rr:template &amp;amp;quot;handle:{@}&amp;amp;quot; ;
    rr:class attx-work:ID ;
  ];

  rr:predicateObjectMap [
      rr:predicate attx-work:value;
      rr:objectMap [
        rml:reference &amp;amp;quot;@&amp;amp;quot; ;
      ]
    ];

  rr:predicateObjectMap [
      rr:predicate attx-work:type;
      rr:objectMap [
        rr:constant &amp;amp;quot;ePIC_PID&amp;amp;quot;
      ]
    ];
.

&amp;amp;lt;b2share:related&amp;amp;gt;
  rml:logicalSource [
    rml:source &amp;amp;quot;{filename}&amp;amp;quot;  ;
    rml:referenceFormulation ql:JSONPath ;
    rml:iterator &amp;amp;quot;$.hits.hits[*].metadata.related_identifiers[*]&amp;amp;quot;
  ];

  rr:subjectMap [
    rr:template &amp;amp;quot;{scheme}:{identifier}&amp;amp;quot; ;
    rr:class attx-work:ID ;
  ];

  rr:predicateObjectMap [
      rr:predicate attx-work:value;
      rr:objectMap [
        rml:reference &amp;amp;quot;identifier&amp;amp;quot; ;
      ]
    ];

  rr:predicateObjectMap [
      rr:predicate attx-work:scheme;
      rr:objectMap [
        rml:reference &amp;amp;quot;scheme&amp;amp;quot;
      ]
    ];

.

&amp;amp;lt;b2share:creators&amp;amp;gt;
  rml:logicalSource [
    rml:source &amp;amp;quot;{filename}&amp;amp;quot;  ;
    rml:referenceFormulation ql:JSONPath ;
    rml:iterator &amp;amp;quot;$.hits.hits[*].metadata.creators[*]&amp;amp;quot;
  ];

  rr:subjectMap [
    rr:class attx-work:Creator ;
    rr:template &amp;amp;quot;affiliated-creator:{creator_name}&amp;amp;quot; ;

  ];

  rr:predicateObjectMap [
      rr:predicate attx-work:creatorName;
      rr:objectMap [
        rml:reference &amp;amp;quot;creator_name&amp;amp;quot; ;
      ]
    ];

  rr:predicateObjectMap [
      rr:predicate attx-work:affiliation;
      rr:objectMap [
        rr:constant &amp;amp;quot;none&amp;amp;quot; ;
      ]
    ];

  rr:predicateObjectMap [
      rr:predicate attx-work:nameIdentifier;
      rr:objectMap [
        rr:constant &amp;amp;quot;none&amp;amp;quot; ;
      ]
    ];

.

&amp;amp;lt;b2share:contributors&amp;amp;gt;
  rml:logicalSource [
    rml:source &amp;amp;quot;{filename}&amp;amp;quot;  ;
    rml:referenceFormulation ql:JSONPath ;
    rml:iterator &amp;amp;quot;$.hits.hits[*].metadata.contributors[*]&amp;amp;quot;
  ];
  rr:subjectMap [
    rr:template &amp;amp;quot;contributor:{contributor_name}-{contributor_type}&amp;amp;quot; ;
    rr:class attx-work:Contributor ;

  ];

  rr:predicateObjectMap [
      rr:predicate attx-work:contributorName;
      rr:objectMap [
        rml:reference &amp;amp;quot;contributor_name&amp;amp;quot; ;
      ]
    ];
  rr:predicateObjectMap [
      rr:predicate attx-work:contributorType;
      rr:objectMap [
        rml:reference &amp;amp;quot;contributor_type&amp;amp;quot; ;
      ]
    ];

  rr:predicateObjectMap [
      rr:predicate attx-work:nameIdentifier;
      rr:objectMap [
        rr:constant &amp;amp;quot;none&amp;amp;quot; ;
      ]
    ];
.


&amp;amp;lt;b2share:licenses&amp;amp;gt;
  rml:logicalSource [
    rml:source &amp;amp;quot;{filename}&amp;amp;quot;  ;
    rml:referenceFormulation ql:JSONPath ;
    rml:iterator &amp;amp;quot;$.hits.hits[*]&amp;amp;quot;
  ];
  rr:subjectMap [
    rr:template &amp;amp;quot;license:{metadata.license.license}&amp;amp;quot; ;
    rr:class attx-work:License ;
  ];
  rr:predicateObjectMap [
      rr:predicate attx-work:licenseID;
      rr:objectMap [
        rml:reference &amp;amp;quot;metadata.license.license_uri&amp;amp;quot; ;
      ]
    ];
  rr:predicateObjectMap [
      rr:predicate attx-work:title;
      rr:objectMap [
        rml:reference &amp;amp;quot;metadata.license.license&amp;amp;quot; ;
      ]
    ];

.

&amp;amp;lt;b2share:resource-types&amp;amp;gt;
  rml:logicalSource [
    rml:source &amp;amp;quot;{filename}&amp;amp;quot;  ;
    rml:referenceFormulation ql:JSONPath ;
    rml:iterator &amp;amp;quot;$.hits.hits[*].metadata.resource_types[*].resource_type_general&amp;amp;quot;
  ];
  rr:subjectMap [
    rr:template &amp;amp;quot;resource-type:{@}&amp;amp;quot; ;
    rr:class attx-work:ResourceType ;
  ];
  rr:predicateObjectMap [
      rr:predicate attx-work:type;
      rr:objectMap [
        rml:reference &amp;amp;quot;@&amp;amp;quot; ;
      ]
    ];
  rr:predicateObjectMap [
      rr:predicate attx-work:title;
      rr:objectMap [
        rml:reference &amp;amp;quot;@&amp;amp;quot; ;
      ]
    ];
.


&amp;amp;lt;b2share:datasets&amp;amp;gt;
  rml:logicalSource [
    rml:source &amp;amp;quot;{filename}&amp;amp;quot;  ;
    rml:referenceFormulation ql:JSONPath ;
    rml:iterator &amp;amp;quot;$.hits.hits[*]&amp;amp;quot;
  ];

  rr:subjectMap [
    rr:template &amp;amp;quot;b2share:{id}&amp;amp;quot; ;
    rr:class attx-work:Dataset ;
  ];

  rr:predicateObjectMap [
      rr:predicate attx-work:internal-identifier;
      rr:objectMap [
        rml:reference &amp;amp;quot;id&amp;amp;quot; ;
      ]
    ];

  rr:predicateObjectMap [
      rr:predicate attx-work:identifier;
      rr:objectMap [
  #      rr:parentTriplesMap &amp;amp;lt;b2share:doi-identifiers&amp;amp;gt;
          rr:template &amp;amp;quot;doi:{metadata.DOI}&amp;amp;quot;
      ]
    ];

  rr:predicateObjectMap [
      rr:predicate attx-work:identifier;
      rr:objectMap [
        #rr:parentTriplesMap &amp;amp;lt;b2share:epic-identifiers&amp;amp;gt;
        rr:template &amp;amp;quot;handle:{metadata.ePIC_PID}&amp;amp;quot;
      ]
    ];

  rr:predicateObjectMap [
      rr:predicate attx-work:doi;
      rr:objectMap [
        rml:reference &amp;amp;quot;metadata.DOI&amp;amp;quot; ;
      ]
    ];

  rr:predicateObjectMap [
      rr:predicate attx-work:creator;
      rr:objectMap [
        rr:parentTriplesMap &amp;amp;lt;b2share:creators&amp;amp;gt;
      ]
    ];


  rr:predicateObjectMap [
      rr:predicate attx-work:contributor;
      rr:objectMap [
        rr:parentTriplesMap &amp;amp;lt;b2share:contributors&amp;amp;gt; ;
      ]
    ];

  rr:predicateObjectMap [
      rr:predicate attx-work:title;
      rr:objectMap [
        rml:reference &amp;amp;quot;metadata.titles[*].title&amp;amp;quot;
      ]
    ];

  rr:predicateObjectMap [
      rr:predicate attx-work:description;
      rr:objectMap [
        rml:reference &amp;amp;quot;metadata.descriptions[*].description&amp;amp;quot;
      ]
    ];
  rr:predicateObjectMap [
      rr:predicate attx-work:publisher;
      rr:objectMap [
        rml:reference &amp;amp;quot;metadata.publisher&amp;amp;quot;
      ]
    ];

  rr:predicateObjectMap [
      rr:predicate attx-work:pubdate;
      rr:objectMap [
        rml:reference &amp;amp;quot;metadata.publication_date&amp;amp;quot;
      ]
    ];

  rr:predicateObjectMap [
      rr:predicate attx-work:language;
      rr:objectMap [
        rml:reference &amp;amp;quot;metadata.language&amp;amp;quot;
      ]
    ];

  rr:predicateObjectMap [
      rr:predicate attx-work:resourceType;
      rr:objectMap [
        rr:template &amp;amp;quot;resource-type:{metadata.resource_types[*].resource_type_general}&amp;amp;quot;
      ]
    ];

  rr:predicateObjectMap [
      rr:predicate attx-work:keyword;
      rr:objectMap [
        rml:reference &amp;amp;quot;metadata.keywords[*]&amp;amp;quot; ;
        rr:termType rr:Literal;
      ]
    ];

  rr:predicateObjectMap [
      rr:predicate attx-work:license;
      rr:objectMap [
        rr:template &amp;amp;quot;license:{metadata.license.license}&amp;amp;quot; ;
        rr:termType rr:IRI;
      ]
    ];

.
&amp;lt;/configuration&amp;gt;
  &amp;lt;/org.uh.hulib.attx.wc.uv.t.rmlservice.RMLServiceConfig__V1&amp;gt;
&amp;lt;/object-stream&amp;gt;&lt;/string&gt;
      &lt;/entry&gt;
    &lt;/configurations&gt;
  &lt;/MasterConfigObject&gt;
&lt;/object-stream&gt;</rawConf>
            <template reference="../../../../cz.cuni.mff.xrg.odcs.commons.app.pipeline.graph.Edge/to/dpuInstance/template"/>
            <useDPUDescription>false</useDPUDescription>
            <useTemplateConfig>false</useTemplateConfig>
          </dpuInstance>
          <executions class="org.eclipse.persistence.indirection.IndirectSet"/>
          <graph reference="../../../.."/>
          <position>
            <x>216</x>
            <y>148</y>
          </position>
        </from>
        <graph reference="../../.."/>
        <script>datasetURI -&gt; dataURI;</script>
        <to>
          <dpuInstance>
            <description></description>
            <menuName>attx-l-replaceds</menuName>
            <messageRecords class="org.eclipse.persistence.indirection.IndirectSet"/>
            <name>attx-l-replaceds</name>
            <node reference="../.."/>
            <rawConf>&lt;object-stream&gt;
  &lt;MasterConfigObject&gt;
    &lt;configurations&gt;
      &lt;entry&gt;
        &lt;string&gt;dpu_config&lt;/string&gt;
        &lt;string&gt;&amp;lt;object-stream&amp;gt;
  &amp;lt;org.uh.hulib.attx.wc.uv.l.replaceds.ReplaceDSConfig__V1&amp;gt;
    &amp;lt;graphActivity&amp;gt;replace&amp;lt;/graphActivity&amp;gt;
  &amp;lt;/org.uh.hulib.attx.wc.uv.l.replaceds.ReplaceDSConfig__V1&amp;gt;
&amp;lt;/object-stream&amp;gt;&lt;/string&gt;
      &lt;/entry&gt;
    &lt;/configurations&gt;
  &lt;/MasterConfigObject&gt;
&lt;/object-stream&gt;</rawConf>
            <template>
              <description></description>
              <jarName>attx-l-replaceds-1.0-SNAPSHOT.jar</jarName>
              <menuName>attx-l-replaceds</menuName>
              <name>attx-l-replaceds</name>
              <rawConf>&lt;object-stream&gt;
  &lt;MasterConfigObject&gt;
    &lt;configurations&gt;
      &lt;entry&gt;
        &lt;string&gt;dpu_config&lt;/string&gt;
        &lt;string&gt;&amp;lt;object-stream&amp;gt;
  &amp;lt;org.uh.hulib.attx.wc.uv.l.replaceds.ReplaceDSConfig__V1/&amp;gt;
&amp;lt;/object-stream&amp;gt;&lt;/string&gt;
      &lt;/entry&gt;
    &lt;/configurations&gt;
  &lt;/MasterConfigObject&gt;
&lt;/object-stream&gt;</rawConf>
              <useDPUDescription>false</useDPUDescription>
            </template>
            <useDPUDescription>false</useDPUDescription>
            <useTemplateConfig>false</useTemplateConfig>
          </dpuInstance>
          <executions class="org.eclipse.persistence.indirection.IndirectSet"/>
          <graph reference="../../../.."/>
          <position>
            <x>334</x>
            <y>253</y>
          </position>
        </to>
      </cz.cuni.mff.xrg.odcs.commons.app.pipeline.graph.Edge>
      <cz.cuni.mff.xrg.odcs.commons.app.pipeline.graph.Edge>
        <from>
          <dpuInstance>
            <description></description>
            <menuName>attx-t-describeds</menuName>
            <messageRecords class="org.eclipse.persistence.indirection.IndirectSet"/>
            <name>attx-t-describeds</name>
            <node reference="../.."/>
            <rawConf>&lt;object-stream&gt;
  &lt;MasterConfigObject&gt;
    &lt;configurations&gt;
      &lt;entry&gt;
        &lt;string&gt;dpu_config&lt;/string&gt;
        &lt;string&gt;&amp;lt;object-stream&amp;gt;
  &amp;lt;org.uh.hulib.attx.wc.uv.t.describeds.DescribeDSConfig__V1&amp;gt;
    &amp;lt;title&amp;gt;b2share-base&amp;lt;/title&amp;gt;
    &amp;lt;description&amp;gt;All available records&amp;lt;/description&amp;gt;
  &amp;lt;/org.uh.hulib.attx.wc.uv.t.describeds.DescribeDSConfig__V1&amp;gt;
&amp;lt;/object-stream&amp;gt;&lt;/string&gt;
      &lt;/entry&gt;
    &lt;/configurations&gt;
  &lt;/MasterConfigObject&gt;
&lt;/object-stream&gt;</rawConf>
            <template>
              <description></description>
              <jarName>attx-t-describeds-1.0-SNAPSHOT.jar</jarName>
              <menuName>attx-t-describeds</menuName>
              <name>attx-t-describeds</name>
              <rawConf>&lt;object-stream&gt;
  &lt;MasterConfigObject&gt;
    &lt;configurations&gt;
      &lt;entry&gt;
        &lt;string&gt;dpu_config&lt;/string&gt;
        &lt;string&gt;&amp;lt;object-stream&amp;gt;
  &amp;lt;org.uh.hulib.attx.wc.uv.t.describeds.DescribeDSConfig__V1&amp;gt;
    &amp;lt;title&amp;gt;&amp;lt;/title&amp;gt;
    &amp;lt;description&amp;gt;&amp;lt;/description&amp;gt;
  &amp;lt;/org.uh.hulib.attx.wc.uv.t.describeds.DescribeDSConfig__V1&amp;gt;
&amp;lt;/object-stream&amp;gt;&lt;/string&gt;
      &lt;/entry&gt;
    &lt;/configurations&gt;
  &lt;/MasterConfigObject&gt;
&lt;/object-stream&gt;</rawConf>
              <useDPUDescription>false</useDPUDescription>
            </template>
            <useDPUDescription>false</useDPUDescription>
            <useTemplateConfig>false</useTemplateConfig>
          </dpuInstance>
          <executions class="org.eclipse.persistence.indirection.IndirectSet"/>
          <graph reference="../../../.."/>
          <position>
            <x>596</x>
            <y>210</y>
          </position>
        </from>
        <graph reference="../../.."/>
        <script>metadata -&gt; outputDatasetMetadata;</script>
        <to reference="../../cz.cuni.mff.xrg.odcs.commons.app.pipeline.graph.Edge[2]/to"/>
      </cz.cuni.mff.xrg.odcs.commons.app.pipeline.graph.Edge>
      <cz.cuni.mff.xrg.odcs.commons.app.pipeline.graph.Edge>
        <from>
          <dpuInstance>
            <description></description>
            <menuName>SearchResults_page1</menuName>
            <messageRecords class="org.eclipse.persistence.indirection.IndirectSet"/>
            <name>SearchResults_page1</name>
            <node reference="../.."/>
            <rawConf>&lt;object-stream&gt;
  &lt;MasterConfigObject&gt;
    &lt;configurations&gt;
      &lt;entry&gt;
        &lt;string&gt;dpu_config&lt;/string&gt;
        &lt;string&gt;&amp;lt;object-stream&amp;gt;
  &amp;lt;eu.unifiedviews.plugins.extractor.httprequest.HttpRequestConfig__V1&amp;gt;
    &amp;lt;postRequestDataType&amp;gt;RAW_DATA&amp;lt;/postRequestDataType&amp;gt;
    &amp;lt;requestType&amp;gt;GET&amp;lt;/requestType&amp;gt;
    &amp;lt;charset&amp;gt;UTF-8&amp;lt;/charset&amp;gt;
    &amp;lt;contentType&amp;gt;TEXT&amp;lt;/contentType&amp;gt;
    &amp;lt;requestURL&amp;gt;https://b2share.eudat.eu/api/records?page=1&amp;amp;amp;size=500&amp;lt;/requestURL&amp;gt;
    &amp;lt;rawRequestBody&amp;gt;&amp;lt;/rawRequestBody&amp;gt;
    &amp;lt;useAuthentication&amp;gt;false&amp;lt;/useAuthentication&amp;gt;
    &amp;lt;formDataRequestBody/&amp;gt;
    &amp;lt;fileName&amp;gt;http_response1&amp;lt;/fileName&amp;gt;
  &amp;lt;/eu.unifiedviews.plugins.extractor.httprequest.HttpRequestConfig__V1&amp;gt;
&amp;lt;/object-stream&amp;gt;&lt;/string&gt;
      &lt;/entry&gt;
      &lt;entry&gt;
        &lt;string&gt;addon/faultToleranceWrap&lt;/string&gt;
        &lt;string&gt;&amp;lt;object-stream&amp;gt;
  &amp;lt;eu.unifiedviews.helpers.dpu.extension.faulttolerance.FaultTolerance_-Configuration__V1&amp;gt;
    &amp;lt;enabled&amp;gt;false&amp;lt;/enabled&amp;gt;
    &amp;lt;exceptionNames class=&amp;quot;linked-list&amp;quot;/&amp;gt;
    &amp;lt;maxRetryCount&amp;gt;-1&amp;lt;/maxRetryCount&amp;gt;
  &amp;lt;/eu.unifiedviews.helpers.dpu.extension.faulttolerance.FaultTolerance_-Configuration__V1&amp;gt;
&amp;lt;/object-stream&amp;gt;&lt;/string&gt;
      &lt;/entry&gt;
    &lt;/configurations&gt;
  &lt;/MasterConfigObject&gt;
&lt;/object-stream&gt;</rawConf>
            <template reference="../../../../cz.cuni.mff.xrg.odcs.commons.app.pipeline.graph.Edge/from/dpuInstance/template"/>
            <useDPUDescription>false</useDPUDescription>
            <useTemplateConfig>false</useTemplateConfig>
          </dpuInstance>
          <executions class="org.eclipse.persistence.indirection.IndirectSet"/>
          <graph reference="../../../.."/>
          <position>
            <x>258</x>
            <y>32</y>
          </position>
        </from>
        <graph reference="../../.."/>
        <script>requestOutput -&gt; fileInput;</script>
        <to reference="../../cz.cuni.mff.xrg.odcs.commons.app.pipeline.graph.Edge[2]/from"/>
      </cz.cuni.mff.xrg.odcs.commons.app.pipeline.graph.Edge>
      <cz.cuni.mff.xrg.odcs.commons.app.pipeline.graph.Edge>
        <from>
          <dpuInstance>
            <description></description>
            <menuName>attx-t-describeexternalds</menuName>
            <messageRecords class="org.eclipse.persistence.indirection.IndirectSet"/>
            <name>attx-t-describeexternalds</name>
            <node reference="../.."/>
            <rawConf>&lt;object-stream&gt;
  &lt;MasterConfigObject&gt;
    &lt;configurations&gt;
      &lt;entry&gt;
        &lt;string&gt;dpu_config&lt;/string&gt;
        &lt;string&gt;&amp;lt;object-stream&amp;gt;
  &amp;lt;org.uh.hulib.attx.wc.uv.t.describeexternalds.DescribeExternalDSConfig__V1&amp;gt;
    &amp;lt;title&amp;gt;B2Share&amp;lt;/title&amp;gt;
    &amp;lt;description&amp;gt;&amp;lt;/description&amp;gt;
    &amp;lt;licence&amp;gt;http://data.hulib.helsinki.fi/attx/onto#Unknown&amp;lt;/licence&amp;gt;
  &amp;lt;/org.uh.hulib.attx.wc.uv.t.describeexternalds.DescribeExternalDSConfig__V1&amp;gt;
&amp;lt;/object-stream&amp;gt;&lt;/string&gt;
      &lt;/entry&gt;
    &lt;/configurations&gt;
  &lt;/MasterConfigObject&gt;
&lt;/object-stream&gt;</rawConf>
            <template>
              <description></description>
              <jarName>attx-t-describeexternalds-1.0-SNAPSHOT.jar</jarName>
              <menuName>attx-t-describeexternalds</menuName>
              <name>attx-t-describeexternalds</name>
              <rawConf>&lt;object-stream&gt;
  &lt;MasterConfigObject&gt;
    &lt;configurations&gt;
      &lt;entry&gt;
        &lt;string&gt;dpu_config&lt;/string&gt;
        &lt;string&gt;&amp;lt;object-stream&amp;gt;
  &amp;lt;org.uh.hulib.attx.wc.uv.t.describeexternalds.DescribeExternalDSConfig__V1&amp;gt;
    &amp;lt;title&amp;gt;&amp;lt;/title&amp;gt;
    &amp;lt;description&amp;gt;&amp;lt;/description&amp;gt;
    &amp;lt;licence&amp;gt;&amp;lt;/licence&amp;gt;
  &amp;lt;/org.uh.hulib.attx.wc.uv.t.describeexternalds.DescribeExternalDSConfig__V1&amp;gt;
&amp;lt;/object-stream&amp;gt;&lt;/string&gt;
      &lt;/entry&gt;
    &lt;/configurations&gt;
  &lt;/MasterConfigObject&gt;
&lt;/object-stream&gt;</rawConf>
              <useDPUDescription>false</useDPUDescription>
            </template>
            <useDPUDescription>false</useDPUDescription>
            <useTemplateConfig>false</useTemplateConfig>
          </dpuInstance>
          <executions class="org.eclipse.persistence.indirection.IndirectSet"/>
          <graph reference="../../../.."/>
          <position>
            <x>670</x>
            <y>298</y>
          </position>
        </from>
        <graph reference="../../.."/>
        <script>metadata -&gt; inputDatasetMetadata;</script>
        <to reference="../../cz.cuni.mff.xrg.odcs.commons.app.pipeline.graph.Edge[2]/to"/>
      </cz.cuni.mff.xrg.odcs.commons.app.pipeline.graph.Edge>
      <cz.cuni.mff.xrg.odcs.commons.app.pipeline.graph.Edge>
        <from reference="../../cz.cuni.mff.xrg.odcs.commons.app.pipeline.graph.Edge/to"/>
        <graph reference="../../.."/>
        <script>datasetURI -&gt; dataURI;</script>
        <to reference="../../cz.cuni.mff.xrg.odcs.commons.app.pipeline.graph.Edge[2]/to"/>
      </cz.cuni.mff.xrg.odcs.commons.app.pipeline.graph.Edge>
    </edges>
    <nodes>
      <cz.cuni.mff.xrg.odcs.commons.app.pipeline.graph.Node reference="../../edges/cz.cuni.mff.xrg.odcs.commons.app.pipeline.graph.Edge[3]/from"/>
      <cz.cuni.mff.xrg.odcs.commons.app.pipeline.graph.Node reference="../../edges/cz.cuni.mff.xrg.odcs.commons.app.pipeline.graph.Edge[2]/to"/>
      <cz.cuni.mff.xrg.odcs.commons.app.pipeline.graph.Node reference="../../edges/cz.cuni.mff.xrg.odcs.commons.app.pipeline.graph.Edge[5]/from"/>
      <cz.cuni.mff.xrg.odcs.commons.app.pipeline.graph.Node reference="../../edges/cz.cuni.mff.xrg.odcs.commons.app.pipeline.graph.Edge/to"/>
      <cz.cuni.mff.xrg.odcs.commons.app.pipeline.graph.Node reference="../../edges/cz.cuni.mff.xrg.odcs.commons.app.pipeline.graph.Edge[2]/from"/>
      <cz.cuni.mff.xrg.odcs.commons.app.pipeline.graph.Node reference="../../edges/cz.cuni.mff.xrg.odcs.commons.app.pipeline.graph.Edge[4]/from"/>
      <cz.cuni.mff.xrg.odcs.commons.app.pipeline.graph.Node reference="../../edges/cz.cuni.mff.xrg.odcs.commons.app.pipeline.graph.Edge/from"/>
    </nodes>
    <pipeline reference="../.."/>
  </graph>
  <lastChange>2018-02-22 14:32:50.0 UTC</lastChange>
  <name>Mildred-b2share-rest-ingest</name>
  <openEvents class="org.eclipse.persistence.indirection.IndirectSet"/>
  <schedules class="org.eclipse.persistence.indirection.IndirectSet"/>
  <shareType>PRIVATE</shareType>
</cz.cuni.mff.xrg.odcs.commons.app.pipeline.Pipeline>