<dpus>
  <dpu>
    <dpuName>attx-e-oaipmhharvester</dpuName>
    <jarName>attx-e-oaipmhharvester-1.0-SNAPSHOT.jar</jarName>
    <version>1.0-SNAPSHOT</version>
  </dpu>
  <dpu>
    <dpuName>attx-l-replaceds</dpuName>
    <jarName>attx-l-replaceds-1.0-SNAPSHOT.jar</jarName>
    <version>1.0-SNAPSHOT</version>
  </dpu>
  <dpu>
    <dpuName>attx-t-describeds</dpuName>
    <jarName>attx-t-describeds-1.0-SNAPSHOT.jar</jarName>
    <version>1.0-SNAPSHOT</version>
  </dpu>
  <dpu>
    <dpuName>attx-t-describeexternalds</dpuName>
    <jarName>attx-t-describeexternalds-1.0-SNAPSHOT.jar</jarName>
    <version>1.0-SNAPSHOT</version>
  </dpu>
  <dpu>
    <dpuName>attx-t-rmlservice</dpuName>
    <jarName>attx-t-rmlservice-1.0-SNAPSHOT.jar</jarName>
    <version>1.0-SNAPSHOT</version>
  </dpu>
</dpus>