<list>
  <template>
    <children class="org.eclipse.persistence.indirection.IndirectSet"/>
    <derivedDPUs class="org.eclipse.persistence.indirection.IndirectSet"/>
    <description></description>
    <jarDescription>(commit: 1026133f6d1a803a3b2cfdf71263c0c16d3bca9f, build timestamp: 2017-11-29 08:44)</jarDescription>
    <jarDirectory>attx-e-oaipmhharvester</jarDirectory>
    <jarName>attx-e-oaipmhharvester-1.0-SNAPSHOT.jar</jarName>
    <menuName>attx-e-oaipmhharvester</menuName>
    <name>attx-e-oaipmhharvester</name>
    <rawConf>&lt;object-stream&gt;
  &lt;MasterConfigObject&gt;
    &lt;configurations&gt;
      &lt;entry&gt;
        &lt;string&gt;dpu_config&lt;/string&gt;
        &lt;string&gt;&amp;lt;object-stream&amp;gt;
  &amp;lt;org.uh.hulib.attx.wc.uv.e.oaipmhharvester.OAIPMHHarvesterConfig__V1&amp;gt;
    &amp;lt;baseURL&amp;gt;&amp;lt;/baseURL&amp;gt;
    &amp;lt;metadataFormat&amp;gt;&amp;lt;/metadataFormat&amp;gt;
    &amp;lt;set&amp;gt;&amp;lt;/set&amp;gt;
    &amp;lt;useDates&amp;gt;false&amp;lt;/useDates&amp;gt;
    &amp;lt;sinceLastSuccessful&amp;gt;false&amp;lt;/sinceLastSuccessful&amp;gt;
  &amp;lt;/org.uh.hulib.attx.wc.uv.e.oaipmhharvester.OAIPMHHarvesterConfig__V1&amp;gt;
&amp;lt;/object-stream&amp;gt;&lt;/string&gt;
      &lt;/entry&gt;
    &lt;/configurations&gt;
  &lt;/MasterConfigObject&gt;
&lt;/object-stream&gt;</rawConf>
    <shareType>PUBLIC_RO</shareType>
    <type>EXTRACTOR</type>
    <useDPUDescription>false</useDPUDescription>
  </template>
  <template>
    <children class="org.eclipse.persistence.indirection.IndirectSet"/>
    <derivedDPUs class="org.eclipse.persistence.indirection.IndirectSet"/>
    <description></description>
    <jarDescription>(commit: 1026133f6d1a803a3b2cfdf71263c0c16d3bca9f, build timestamp: 2017-11-29 07:41)</jarDescription>
    <jarDirectory>attx-l-replaceds</jarDirectory>
    <jarName>attx-l-replaceds-1.0-SNAPSHOT.jar</jarName>
    <menuName>attx-l-replaceds</menuName>
    <name>attx-l-replaceds</name>
    <rawConf>&lt;object-stream&gt;
  &lt;MasterConfigObject&gt;
    &lt;configurations&gt;
      &lt;entry&gt;
        &lt;string&gt;dpu_config&lt;/string&gt;
        &lt;string&gt;&amp;lt;object-stream&amp;gt;
  &amp;lt;org.uh.hulib.attx.wc.uv.l.replaceds.ReplaceDSConfig__V1/&amp;gt;
&amp;lt;/object-stream&amp;gt;&lt;/string&gt;
      &lt;/entry&gt;
    &lt;/configurations&gt;
  &lt;/MasterConfigObject&gt;
&lt;/object-stream&gt;</rawConf>
    <shareType>PUBLIC_RO</shareType>
    <type>LOADER</type>
    <useDPUDescription>false</useDPUDescription>
  </template>
  <template>
    <children class="org.eclipse.persistence.indirection.IndirectSet"/>
    <derivedDPUs class="org.eclipse.persistence.indirection.IndirectSet"/>
    <description></description>
    <jarDescription>(commit: 1026133f6d1a803a3b2cfdf71263c0c16d3bca9f, build timestamp: 2017-11-29 10:30)</jarDescription>
    <jarDirectory>attx-t-describeds</jarDirectory>
    <jarName>attx-t-describeds-1.0-SNAPSHOT.jar</jarName>
    <menuName>attx-t-describeds</menuName>
    <name>attx-t-describeds</name>
    <rawConf>&lt;object-stream&gt;
  &lt;MasterConfigObject&gt;
    &lt;configurations&gt;
      &lt;entry&gt;
        &lt;string&gt;dpu_config&lt;/string&gt;
        &lt;string&gt;&amp;lt;object-stream&amp;gt;
  &amp;lt;org.uh.hulib.attx.wc.uv.t.describeds.DescribeDSConfig__V1&amp;gt;
    &amp;lt;title&amp;gt;&amp;lt;/title&amp;gt;
    &amp;lt;description&amp;gt;&amp;lt;/description&amp;gt;
  &amp;lt;/org.uh.hulib.attx.wc.uv.t.describeds.DescribeDSConfig__V1&amp;gt;
&amp;lt;/object-stream&amp;gt;&lt;/string&gt;
      &lt;/entry&gt;
    &lt;/configurations&gt;
  &lt;/MasterConfigObject&gt;
&lt;/object-stream&gt;</rawConf>
    <shareType>PUBLIC_RO</shareType>
    <type>TRANSFORMER</type>
    <useDPUDescription>false</useDPUDescription>
  </template>
  <template>
    <children class="org.eclipse.persistence.indirection.IndirectSet"/>
    <derivedDPUs class="org.eclipse.persistence.indirection.IndirectSet"/>
    <description></description>
    <jarDescription>(commit: 1026133f6d1a803a3b2cfdf71263c0c16d3bca9f, build timestamp: 2017-11-29 08:04)</jarDescription>
    <jarDirectory>attx-t-describeexternalds</jarDirectory>
    <jarName>attx-t-describeexternalds-1.0-SNAPSHOT.jar</jarName>
    <menuName>attx-t-describeexternalds</menuName>
    <name>attx-t-describeexternalds</name>
    <rawConf>&lt;object-stream&gt;
  &lt;MasterConfigObject&gt;
    &lt;configurations&gt;
      &lt;entry&gt;
        &lt;string&gt;dpu_config&lt;/string&gt;
        &lt;string&gt;&amp;lt;object-stream&amp;gt;
  &amp;lt;org.uh.hulib.attx.wc.uv.t.describeexternalds.DescribeExternalDSConfig__V1&amp;gt;
    &amp;lt;title&amp;gt;&amp;lt;/title&amp;gt;
    &amp;lt;description&amp;gt;&amp;lt;/description&amp;gt;
    &amp;lt;licence&amp;gt;&amp;lt;/licence&amp;gt;
  &amp;lt;/org.uh.hulib.attx.wc.uv.t.describeexternalds.DescribeExternalDSConfig__V1&amp;gt;
&amp;lt;/object-stream&amp;gt;&lt;/string&gt;
      &lt;/entry&gt;
    &lt;/configurations&gt;
  &lt;/MasterConfigObject&gt;
&lt;/object-stream&gt;</rawConf>
    <shareType>PUBLIC_RO</shareType>
    <type>TRANSFORMER</type>
    <useDPUDescription>false</useDPUDescription>
  </template>
  <template>
    <children class="org.eclipse.persistence.indirection.IndirectSet"/>
    <derivedDPUs class="org.eclipse.persistence.indirection.IndirectSet"/>
    <description></description>
    <jarDescription>(commit: 1026133f6d1a803a3b2cfdf71263c0c16d3bca9f, build timestamp: 2017-11-29 07:42)</jarDescription>
    <jarDirectory>attx-t-rmlservice</jarDirectory>
    <jarName>attx-t-rmlservice-1.0-SNAPSHOT.jar</jarName>
    <menuName>attx-t-rmlservice</menuName>
    <name>attx-t-rmlservice</name>
    <rawConf>&lt;object-stream&gt;
  &lt;MasterConfigObject&gt;
    &lt;configurations&gt;
      &lt;entry&gt;
        &lt;string&gt;dpu_config&lt;/string&gt;
        &lt;string&gt;&amp;lt;object-stream&amp;gt;
  &amp;lt;org.uh.hulib.attx.wc.uv.t.rmlservice.RMLServiceConfig__V1&amp;gt;
    &amp;lt;configuration&amp;gt;&amp;lt;/configuration&amp;gt;
  &amp;lt;/org.uh.hulib.attx.wc.uv.t.rmlservice.RMLServiceConfig__V1&amp;gt;
&amp;lt;/object-stream&amp;gt;&lt;/string&gt;
      &lt;/entry&gt;
    &lt;/configurations&gt;
  &lt;/MasterConfigObject&gt;
&lt;/object-stream&gt;</rawConf>
    <shareType>PUBLIC_RO</shareType>
    <type>TRANSFORMER</type>
    <useDPUDescription>false</useDPUDescription>
  </template>
  <template>
    <children class="org.eclipse.persistence.indirection.IndirectSet"/>
    <derivedDPUs class="org.eclipse.persistence.indirection.IndirectSet"/>
    <description></description>
    <jarDescription>Finds and replace string in files. (commit: 2f689ec21593d13d5dfbb5fad8a48e258a9c57f5, build timestamp: 2016-11-11 08:27)</jarDescription>
    <jarDirectory>uv-t-filesFindAndReplace</jarDirectory>
    <jarName>uv-t-filesFindAndReplace-2.1.3.jar</jarName>
    <menuName>uv-t-filesFindAndReplace</menuName>
    <name>uv-t-filesFindAndReplace</name>
    <rawConf>&lt;object-stream&gt;
  &lt;MasterConfigObject&gt;
    &lt;configurations&gt;
      &lt;entry&gt;
        &lt;string&gt;dpu_config&lt;/string&gt;
        &lt;string&gt;&amp;lt;object-stream&amp;gt;
  &amp;lt;eu.unifiedviews.plugins.transformer.filesfindandreplace.FilesFindAndReplaceConfig__V2&amp;gt;
    &amp;lt;patterns/&amp;gt;
    &amp;lt;encoding&amp;gt;UTF8&amp;lt;/encoding&amp;gt;
    &amp;lt;skipOnError&amp;gt;false&amp;lt;/skipOnError&amp;gt;
  &amp;lt;/eu.unifiedviews.plugins.transformer.filesfindandreplace.FilesFindAndReplaceConfig__V2&amp;gt;
&amp;lt;/object-stream&amp;gt;&lt;/string&gt;
      &lt;/entry&gt;
    &lt;/configurations&gt;
  &lt;/MasterConfigObject&gt;
&lt;/object-stream&gt;</rawConf>
    <shareType>PUBLIC_RO</shareType>
    <type>TRANSFORMER</type>
    <useDPUDescription>false</useDPUDescription>
  </template>
</list>