<cz.cuni.mff.xrg.odcs.commons.app.pipeline.Pipeline>
  <description></description>
  <executions class="org.eclipse.persistence.indirection.IndirectSet"/>
  <graph>
    <edges>
      <cz.cuni.mff.xrg.odcs.commons.app.pipeline.graph.Edge>
        <from>
          <dpuInstance>
            <description></description>
            <menuName>uv-t-filesFindAndReplace</menuName>
            <messageRecords class="org.eclipse.persistence.indirection.IndirectSet"/>
            <name>uv-t-filesFindAndReplace</name>
            <node reference="../.."/>
            <rawConf>&lt;object-stream&gt;
  &lt;MasterConfigObject&gt;
    &lt;configurations&gt;
      &lt;entry&gt;
        &lt;string&gt;dpu_config&lt;/string&gt;
        &lt;string&gt;&amp;lt;object-stream&amp;gt;
  &amp;lt;eu.unifiedviews.plugins.transformer.filesfindandreplace.FilesFindAndReplaceConfig__V2&amp;gt;
    &amp;lt;patterns&amp;gt;
      &amp;lt;entry&amp;gt;
        &amp;lt;string&amp;gt;TUTKAID_&amp;lt;/string&amp;gt;
        &amp;lt;string&amp;gt;&amp;lt;/string&amp;gt;
      &amp;lt;/entry&amp;gt;
    &amp;lt;/patterns&amp;gt;
    &amp;lt;encoding&amp;gt;ISO_8859_1&amp;lt;/encoding&amp;gt;
    &amp;lt;skipOnError&amp;gt;false&amp;lt;/skipOnError&amp;gt;
  &amp;lt;/eu.unifiedviews.plugins.transformer.filesfindandreplace.FilesFindAndReplaceConfig__V2&amp;gt;
&amp;lt;/object-stream&amp;gt;&lt;/string&gt;
      &lt;/entry&gt;
      &lt;entry&gt;
        &lt;string&gt;addon/faultToleranceWrap&lt;/string&gt;
        &lt;string&gt;&amp;lt;object-stream&amp;gt;
  &amp;lt;eu.unifiedviews.helpers.dpu.extension.faulttolerance.FaultTolerance_-Configuration__V1&amp;gt;
    &amp;lt;enabled&amp;gt;true&amp;lt;/enabled&amp;gt;
    &amp;lt;exceptionNames class=&amp;quot;linked-list&amp;quot;/&amp;gt;
    &amp;lt;maxRetryCount&amp;gt;-1&amp;lt;/maxRetryCount&amp;gt;
  &amp;lt;/eu.unifiedviews.helpers.dpu.extension.faulttolerance.FaultTolerance_-Configuration__V1&amp;gt;
&amp;lt;/object-stream&amp;gt;&lt;/string&gt;
      &lt;/entry&gt;
    &lt;/configurations&gt;
  &lt;/MasterConfigObject&gt;
&lt;/object-stream&gt;</rawConf>
            <template>
              <description></description>
              <jarName>uv-t-filesFindAndReplace-2.1.3.jar</jarName>
              <menuName>uv-t-filesFindAndReplace</menuName>
              <name>uv-t-filesFindAndReplace</name>
              <rawConf>&lt;object-stream&gt;
  &lt;MasterConfigObject&gt;
    &lt;configurations&gt;
      &lt;entry&gt;
        &lt;string&gt;dpu_config&lt;/string&gt;
        &lt;string&gt;&amp;lt;object-stream&amp;gt;
  &amp;lt;eu.unifiedviews.plugins.transformer.filesfindandreplace.FilesFindAndReplaceConfig__V2&amp;gt;
    &amp;lt;patterns/&amp;gt;
    &amp;lt;encoding&amp;gt;UTF8&amp;lt;/encoding&amp;gt;
    &amp;lt;skipOnError&amp;gt;false&amp;lt;/skipOnError&amp;gt;
  &amp;lt;/eu.unifiedviews.plugins.transformer.filesfindandreplace.FilesFindAndReplaceConfig__V2&amp;gt;
&amp;lt;/object-stream&amp;gt;&lt;/string&gt;
      &lt;/entry&gt;
    &lt;/configurations&gt;
  &lt;/MasterConfigObject&gt;
&lt;/object-stream&gt;</rawConf>
              <useDPUDescription>false</useDPUDescription>
            </template>
            <useDPUDescription>false</useDPUDescription>
            <useTemplateConfig>false</useTemplateConfig>
          </dpuInstance>
          <executions class="org.eclipse.persistence.indirection.IndirectSet"/>
          <graph reference="../../../.."/>
          <position>
            <x>580</x>
            <y>24</y>
          </position>
        </from>
        <graph reference="../../.."/>
        <script>filesOutput -&gt; filesInput;</script>
        <to>
          <dpuInstance>
            <description></description>
            <menuName>uv-t-filesFindAndReplace</menuName>
            <messageRecords class="org.eclipse.persistence.indirection.IndirectSet"/>
            <name>uv-t-filesFindAndReplace</name>
            <node reference="../.."/>
            <rawConf>&lt;object-stream&gt;
  &lt;MasterConfigObject&gt;
    &lt;configurations&gt;
      &lt;entry&gt;
        &lt;string&gt;dpu_config&lt;/string&gt;
        &lt;string&gt;&amp;lt;object-stream&amp;gt;
  &amp;lt;eu.unifiedviews.plugins.transformer.filesfindandreplace.FilesFindAndReplaceConfig__V2&amp;gt;
    &amp;lt;patterns&amp;gt;
      &amp;lt;entry&amp;gt;
        &amp;lt;string&amp;gt;hdl:&amp;lt;/string&amp;gt;
        &amp;lt;string&amp;gt;&amp;lt;/string&amp;gt;
      &amp;lt;/entry&amp;gt;
    &amp;lt;/patterns&amp;gt;
    &amp;lt;encoding&amp;gt;UTF8&amp;lt;/encoding&amp;gt;
    &amp;lt;skipOnError&amp;gt;false&amp;lt;/skipOnError&amp;gt;
  &amp;lt;/eu.unifiedviews.plugins.transformer.filesfindandreplace.FilesFindAndReplaceConfig__V2&amp;gt;
&amp;lt;/object-stream&amp;gt;&lt;/string&gt;
      &lt;/entry&gt;
      &lt;entry&gt;
        &lt;string&gt;addon/faultToleranceWrap&lt;/string&gt;
        &lt;string&gt;&amp;lt;object-stream&amp;gt;
  &amp;lt;eu.unifiedviews.helpers.dpu.extension.faulttolerance.FaultTolerance_-Configuration__V1&amp;gt;
    &amp;lt;enabled&amp;gt;false&amp;lt;/enabled&amp;gt;
    &amp;lt;exceptionNames class=&amp;quot;linked-list&amp;quot;/&amp;gt;
    &amp;lt;maxRetryCount&amp;gt;-1&amp;lt;/maxRetryCount&amp;gt;
  &amp;lt;/eu.unifiedviews.helpers.dpu.extension.faulttolerance.FaultTolerance_-Configuration__V1&amp;gt;
&amp;lt;/object-stream&amp;gt;&lt;/string&gt;
      &lt;/entry&gt;
    &lt;/configurations&gt;
  &lt;/MasterConfigObject&gt;
&lt;/object-stream&gt;</rawConf>
            <template reference="../../../from/dpuInstance/template"/>
            <useDPUDescription>false</useDPUDescription>
            <useTemplateConfig>false</useTemplateConfig>
          </dpuInstance>
          <executions class="org.eclipse.persistence.indirection.IndirectSet"/>
          <graph reference="../../../.."/>
          <position>
            <x>685</x>
            <y>112</y>
          </position>
        </to>
      </cz.cuni.mff.xrg.odcs.commons.app.pipeline.graph.Edge>
      <cz.cuni.mff.xrg.odcs.commons.app.pipeline.graph.Edge>
        <from>
          <dpuInstance>
            <description></description>
            <menuName>attx-t-rmlservice</menuName>
            <messageRecords class="org.eclipse.persistence.indirection.IndirectSet"/>
            <name>attx-t-rmlservice</name>
            <node reference="../.."/>
            <rawConf>&lt;object-stream&gt;
  &lt;MasterConfigObject&gt;
    &lt;configurations&gt;
      &lt;entry&gt;
        &lt;string&gt;dpu_config&lt;/string&gt;
        &lt;string&gt;&amp;lt;object-stream&amp;gt;
  &amp;lt;org.uh.hulib.attx.wc.uv.t.rmlservice.RMLServiceConfig__V1&amp;gt;
    &amp;lt;configuration&amp;gt;@prefix rr: &amp;amp;lt;http://www.w3.org/ns/r2rml#&amp;amp;gt;.
@prefix rml: &amp;amp;lt;http://semweb.mmlab.be/ns/rml#&amp;amp;gt;.
@prefix ql: &amp;amp;lt;http://semweb.mmlab.be/ns/ql#&amp;amp;gt;.
@prefix ex: &amp;amp;lt;http://example.com/ns#&amp;amp;gt;.
@prefix xsd: &amp;amp;lt;http://www.w3.org/2001/XMLSchema#&amp;amp;gt;.
@prefix rdfs: &amp;amp;lt;http://www.w3.org/2000/01/rdf-schema#&amp;amp;gt;.
@prefix attx: &amp;amp;lt;http://data.hulib.helsinki.fi/attx/&amp;amp;gt; .
@prefix attx-work: &amp;amp;lt;http://data.hulib.helsinki.fi/attx/work#&amp;amp;gt; .
@prefix dct: &amp;amp;lt;http://purl.org/dc/terms/&amp;amp;gt; .
@prefix etsin: &amp;amp;lt;http://etsin.avointiede.fi/&amp;amp;gt; .
@prefix etsin-ds: &amp;amp;lt;http://etsin.avointiede.fi/dataset/&amp;amp;gt; .
@prefix oai: &amp;amp;lt;http://www.openarchives.org/OAI/2.0/&amp;amp;gt; .

&amp;amp;lt;jyx:externalpubsdoi&amp;amp;gt;
  rml:logicalSource [
    rml:source &amp;amp;quot;rmlservice_1510322235140&amp;amp;quot;  ;
    rml:referenceFormulation ql:XPath ;
    rml:iterator &amp;amp;quot;/*[local-name()=&amp;amp;apos;OAI-PMH&amp;amp;apos;]/*[local-name()=&amp;amp;apos;ListRecords&amp;amp;apos;]/*[local-name()=&amp;amp;apos;record&amp;amp;apos;]&amp;amp;quot;
  ];

  rr:subjectMap [
    rr:template &amp;amp;quot;externalpub:{*[local-name()=&amp;amp;apos;metadata&amp;amp;apos;]/*[local-name()=&amp;amp;apos;mets&amp;amp;apos;]/*[local-name()=&amp;amp;apos;dmdSec&amp;amp;apos;]/*[local-name()=&amp;amp;apos;mdWrap&amp;amp;apos;]/*[local-name()=&amp;amp;apos;xmlData&amp;amp;apos;]/*[local-name()=&amp;amp;apos;identifier&amp;amp;apos; and @type=&amp;amp;apos;doi&amp;amp;apos;]}&amp;amp;quot; ;
    rr:class attx-work:ExternalPub ;
  ];

  rr:predicateObjectMap [
      rr:predicate attx-work:hasFile ;
      rr:objectMap [
        rr:parentTriplesMap &amp;amp;lt;jyx:files&amp;amp;gt;;

      ]
    ];
.

&amp;amp;lt;jyx:parallelpubs&amp;amp;gt;
  rml:logicalSource [
    rml:source &amp;amp;quot;{filename}&amp;amp;quot;  ;
    rml:referenceFormulation ql:XPath ;
    rml:iterator &amp;amp;quot;/*[local-name()=&amp;amp;apos;OAI-PMH&amp;amp;apos;]/*[local-name()=&amp;amp;apos;ListRecords&amp;amp;apos;]/*[local-name()=&amp;amp;apos;record&amp;amp;apos;]&amp;amp;quot;
  ];

  rr:subjectMap [
    rr:template &amp;amp;quot;parallelpub:{*[local-name()=&amp;amp;apos;metadata&amp;amp;apos;]/*[local-name()=&amp;amp;apos;mets&amp;amp;apos;]/@OBJID}&amp;amp;quot; ;
    rr:class attx-work:ExternalPub ;
  ];

  rr:predicateObjectMap [
      rr:predicate attx-work:hasFile ;
      rr:objectMap [
        rr:parentTriplesMap &amp;amp;lt;jyx:files&amp;amp;gt;;

      ]
    ];
.

&amp;amp;lt;jyx:files&amp;amp;gt;
  rml:logicalSource [
    rml:source &amp;amp;quot;{filename}&amp;amp;quot;  ;
    rml:referenceFormulation ql:XPath ;
    rml:iterator &amp;amp;quot;/*[local-name()=&amp;amp;apos;OAI-PMH&amp;amp;apos;]/*[local-name()=&amp;amp;apos;ListRecords&amp;amp;apos;]/*[local-name()=&amp;amp;apos;record&amp;amp;apos;]&amp;amp;quot;
  ];

  rr:subjectMap [
    rr:template &amp;amp;quot;file:{*[local-name()=&amp;amp;apos;metadata&amp;amp;apos;]/*[local-name()=&amp;amp;apos;mets&amp;amp;apos;]/@OBJID}&amp;amp;quot; ;
    rr:class attx-work:File ;
  ];

  rr:predicateObjectMap [
      rr:predicate attx-work:parallelPublicationType;
      rr:objectMap [
        rml:reference &amp;amp;quot;*[local-name()=&amp;amp;apos;metadata&amp;amp;apos;]/*[local-name()=&amp;amp;apos;mets&amp;amp;apos;]/*[local-name()=&amp;amp;apos;dmdSec&amp;amp;apos;]/*[local-name()=&amp;amp;apos;mdWrap&amp;amp;apos;]/*[local-name()=&amp;amp;apos;xmlData&amp;amp;apos;]/*[local-name()=&amp;amp;apos;extension&amp;amp;apos; and not(./*)]&amp;amp;quot;
      ]
    ];

  rr:predicateObjectMap [
      rr:predicate attx-work:downloadLink;
      rr:objectMap [
        rml:reference &amp;amp;quot;*[local-name()=&amp;amp;apos;metadata&amp;amp;apos;]/*[local-name()=&amp;amp;apos;mets&amp;amp;apos;]/*[local-name()=&amp;amp;apos;fileSec&amp;amp;apos;]/*[local-name()=&amp;amp;apos;fileGrp&amp;amp;apos; and @USE=&amp;amp;apos;ORIGINAL&amp;amp;apos;]/*[local-name()=&amp;amp;apos;file&amp;amp;apos;]/@OWNERID&amp;amp;quot; ;
        rr:termType rr:IRI ;
      ]
    ];
.&amp;lt;/configuration&amp;gt;
  &amp;lt;/org.uh.hulib.attx.wc.uv.t.rmlservice.RMLServiceConfig__V1&amp;gt;
&amp;lt;/object-stream&amp;gt;&lt;/string&gt;
      &lt;/entry&gt;
    &lt;/configurations&gt;
  &lt;/MasterConfigObject&gt;
&lt;/object-stream&gt;</rawConf>
            <template>
              <description></description>
              <jarName>attx-t-rmlservice-1.0-SNAPSHOT.jar</jarName>
              <menuName>attx-t-rmlservice</menuName>
              <name>attx-t-rmlservice</name>
              <rawConf>&lt;object-stream&gt;
  &lt;MasterConfigObject&gt;
    &lt;configurations&gt;
      &lt;entry&gt;
        &lt;string&gt;dpu_config&lt;/string&gt;
        &lt;string&gt;&amp;lt;object-stream&amp;gt;
  &amp;lt;org.uh.hulib.attx.wc.uv.t.rmlservice.RMLServiceConfig__V1&amp;gt;
    &amp;lt;configuration&amp;gt;&amp;lt;/configuration&amp;gt;
  &amp;lt;/org.uh.hulib.attx.wc.uv.t.rmlservice.RMLServiceConfig__V1&amp;gt;
&amp;lt;/object-stream&amp;gt;&lt;/string&gt;
      &lt;/entry&gt;
    &lt;/configurations&gt;
  &lt;/MasterConfigObject&gt;
&lt;/object-stream&gt;</rawConf>
              <useDPUDescription>false</useDPUDescription>
            </template>
            <useDPUDescription>false</useDPUDescription>
            <useTemplateConfig>false</useTemplateConfig>
          </dpuInstance>
          <executions class="org.eclipse.persistence.indirection.IndirectSet"/>
          <graph reference="../../../.."/>
          <position>
            <x>453</x>
            <y>171</y>
          </position>
        </from>
        <graph reference="../../.."/>
        <script>datasetURI -&gt; dataURI;</script>
        <to>
          <dpuInstance>
            <description></description>
            <menuName>attx-l-replaceds</menuName>
            <messageRecords class="org.eclipse.persistence.indirection.IndirectSet"/>
            <name>attx-l-replaceds</name>
            <node reference="../.."/>
            <rawConf>&lt;object-stream&gt;
  &lt;MasterConfigObject&gt;
    &lt;configurations&gt;
      &lt;entry&gt;
        &lt;string&gt;dpu_config&lt;/string&gt;
        &lt;string&gt;&amp;lt;object-stream&amp;gt;
  &amp;lt;org.uh.hulib.attx.wc.uv.l.replaceds.ReplaceDSConfig__V1&amp;gt;
    &amp;lt;graphActivity&amp;gt;replace&amp;lt;/graphActivity&amp;gt;
  &amp;lt;/org.uh.hulib.attx.wc.uv.l.replaceds.ReplaceDSConfig__V1&amp;gt;
&amp;lt;/object-stream&amp;gt;&lt;/string&gt;
      &lt;/entry&gt;
    &lt;/configurations&gt;
  &lt;/MasterConfigObject&gt;
&lt;/object-stream&gt;</rawConf>
            <template>
              <description></description>
              <jarName>attx-l-replaceds-1.0-SNAPSHOT.jar</jarName>
              <menuName>attx-l-replaceds</menuName>
              <name>attx-l-replaceds</name>
              <rawConf>&lt;object-stream&gt;
  &lt;MasterConfigObject&gt;
    &lt;configurations&gt;
      &lt;entry&gt;
        &lt;string&gt;dpu_config&lt;/string&gt;
        &lt;string&gt;&amp;lt;object-stream&amp;gt;
  &amp;lt;org.uh.hulib.attx.wc.uv.l.replaceds.ReplaceDSConfig__V1/&amp;gt;
&amp;lt;/object-stream&amp;gt;&lt;/string&gt;
      &lt;/entry&gt;
    &lt;/configurations&gt;
  &lt;/MasterConfigObject&gt;
&lt;/object-stream&gt;</rawConf>
              <useDPUDescription>false</useDPUDescription>
            </template>
            <useDPUDescription>false</useDPUDescription>
            <useTemplateConfig>false</useTemplateConfig>
          </dpuInstance>
          <executions class="org.eclipse.persistence.indirection.IndirectSet"/>
          <graph reference="../../../.."/>
          <position>
            <x>457</x>
            <y>280</y>
          </position>
        </to>
      </cz.cuni.mff.xrg.odcs.commons.app.pipeline.graph.Edge>
      <cz.cuni.mff.xrg.odcs.commons.app.pipeline.graph.Edge>
        <from>
          <dpuInstance>
            <description></description>
            <menuName>attx-e-oaipmhharvester</menuName>
            <messageRecords class="org.eclipse.persistence.indirection.IndirectSet"/>
            <name>attx-e-oaipmhharvester</name>
            <node reference="../.."/>
            <rawConf>&lt;object-stream&gt;
  &lt;MasterConfigObject&gt;
    &lt;configurations&gt;
      &lt;entry&gt;
        &lt;string&gt;dpu_config&lt;/string&gt;
        &lt;string&gt;&amp;lt;object-stream&amp;gt;
  &amp;lt;org.uh.hulib.attx.wc.uv.e.oaipmhharvester.OAIPMHHarvesterConfig__V1&amp;gt;
    &amp;lt;baseURL&amp;gt;https://jyx.jyu.fi/dspace-oai/request&amp;lt;/baseURL&amp;gt;
    &amp;lt;metadataFormat&amp;gt;mets&amp;lt;/metadataFormat&amp;gt;
    &amp;lt;set&amp;gt;hdl_123456789_25571&amp;lt;/set&amp;gt;
    &amp;lt;useDates&amp;gt;true&amp;lt;/useDates&amp;gt;
    &amp;lt;fromDate&amp;gt;2017-11-07 00:00:00.0 UTC&amp;lt;/fromDate&amp;gt;
    &amp;lt;untilDate&amp;gt;2017-11-07 00:00:00.0 UTC&amp;lt;/untilDate&amp;gt;
    &amp;lt;sinceLastSuccessful&amp;gt;false&amp;lt;/sinceLastSuccessful&amp;gt;
  &amp;lt;/org.uh.hulib.attx.wc.uv.e.oaipmhharvester.OAIPMHHarvesterConfig__V1&amp;gt;
&amp;lt;/object-stream&amp;gt;&lt;/string&gt;
      &lt;/entry&gt;
    &lt;/configurations&gt;
  &lt;/MasterConfigObject&gt;
&lt;/object-stream&gt;</rawConf>
            <template>
              <description></description>
              <jarName>attx-e-oaipmhharvester-1.0-SNAPSHOT.jar</jarName>
              <menuName>attx-e-oaipmhharvester</menuName>
              <name>attx-e-oaipmhharvester</name>
              <rawConf>&lt;object-stream&gt;
  &lt;MasterConfigObject&gt;
    &lt;configurations&gt;
      &lt;entry&gt;
        &lt;string&gt;dpu_config&lt;/string&gt;
        &lt;string&gt;&amp;lt;object-stream&amp;gt;
  &amp;lt;org.uh.hulib.attx.wc.uv.e.oaipmhharvester.OAIPMHHarvesterConfig__V1&amp;gt;
    &amp;lt;baseURL&amp;gt;&amp;lt;/baseURL&amp;gt;
    &amp;lt;metadataFormat&amp;gt;&amp;lt;/metadataFormat&amp;gt;
    &amp;lt;set&amp;gt;&amp;lt;/set&amp;gt;
    &amp;lt;useDates&amp;gt;false&amp;lt;/useDates&amp;gt;
    &amp;lt;sinceLastSuccessful&amp;gt;false&amp;lt;/sinceLastSuccessful&amp;gt;
  &amp;lt;/org.uh.hulib.attx.wc.uv.e.oaipmhharvester.OAIPMHHarvesterConfig__V1&amp;gt;
&amp;lt;/object-stream&amp;gt;&lt;/string&gt;
      &lt;/entry&gt;
    &lt;/configurations&gt;
  &lt;/MasterConfigObject&gt;
&lt;/object-stream&gt;</rawConf>
              <useDPUDescription>false</useDPUDescription>
            </template>
            <useDPUDescription>false</useDPUDescription>
            <useTemplateConfig>false</useTemplateConfig>
          </dpuInstance>
          <executions class="org.eclipse.persistence.indirection.IndirectSet"/>
          <graph reference="../../../.."/>
          <position>
            <x>276</x>
            <y>15</y>
          </position>
        </from>
        <graph reference="../../.."/>
        <script>harvestedFiles -&gt; filesInput;</script>
        <to reference="../../cz.cuni.mff.xrg.odcs.commons.app.pipeline.graph.Edge/from"/>
      </cz.cuni.mff.xrg.odcs.commons.app.pipeline.graph.Edge>
      <cz.cuni.mff.xrg.odcs.commons.app.pipeline.graph.Edge>
        <from>
          <dpuInstance>
            <description></description>
            <menuName>attx-t-describeds</menuName>
            <messageRecords class="org.eclipse.persistence.indirection.IndirectSet"/>
            <name>attx-t-describeds</name>
            <node reference="../.."/>
            <rawConf>&lt;object-stream&gt;
  &lt;MasterConfigObject&gt;
    &lt;configurations&gt;
      &lt;entry&gt;
        &lt;string&gt;dpu_config&lt;/string&gt;
        &lt;string&gt;&amp;lt;object-stream&amp;gt;
  &amp;lt;org.uh.hulib.attx.wc.uv.t.describeds.DescribeDSConfig__V1&amp;gt;
    &amp;lt;title&amp;gt;JYX Files RDF&amp;lt;/title&amp;gt;
    &amp;lt;description&amp;gt;&amp;lt;/description&amp;gt;
  &amp;lt;/org.uh.hulib.attx.wc.uv.t.describeds.DescribeDSConfig__V1&amp;gt;
&amp;lt;/object-stream&amp;gt;&lt;/string&gt;
      &lt;/entry&gt;
    &lt;/configurations&gt;
  &lt;/MasterConfigObject&gt;
&lt;/object-stream&gt;</rawConf>
            <template>
              <description></description>
              <jarName>attx-t-describeds-1.0-SNAPSHOT.jar</jarName>
              <menuName>attx-t-describeds</menuName>
              <name>attx-t-describeds</name>
              <rawConf>&lt;object-stream&gt;
  &lt;MasterConfigObject&gt;
    &lt;configurations&gt;
      &lt;entry&gt;
        &lt;string&gt;dpu_config&lt;/string&gt;
        &lt;string&gt;&amp;lt;object-stream&amp;gt;
  &amp;lt;org.uh.hulib.attx.wc.uv.t.describeds.DescribeDSConfig__V1&amp;gt;
    &amp;lt;title&amp;gt;&amp;lt;/title&amp;gt;
    &amp;lt;description&amp;gt;&amp;lt;/description&amp;gt;
  &amp;lt;/org.uh.hulib.attx.wc.uv.t.describeds.DescribeDSConfig__V1&amp;gt;
&amp;lt;/object-stream&amp;gt;&lt;/string&gt;
      &lt;/entry&gt;
    &lt;/configurations&gt;
  &lt;/MasterConfigObject&gt;
&lt;/object-stream&gt;</rawConf>
              <useDPUDescription>false</useDPUDescription>
            </template>
            <useDPUDescription>false</useDPUDescription>
            <useTemplateConfig>false</useTemplateConfig>
          </dpuInstance>
          <executions class="org.eclipse.persistence.indirection.IndirectSet"/>
          <graph reference="../../../.."/>
          <position>
            <x>287</x>
            <y>196</y>
          </position>
        </from>
        <graph reference="../../.."/>
        <script>metadata -&gt; outputDatasetMetadata;</script>
        <to reference="../../cz.cuni.mff.xrg.odcs.commons.app.pipeline.graph.Edge[2]/to"/>
      </cz.cuni.mff.xrg.odcs.commons.app.pipeline.graph.Edge>
      <cz.cuni.mff.xrg.odcs.commons.app.pipeline.graph.Edge>
        <from reference="../../cz.cuni.mff.xrg.odcs.commons.app.pipeline.graph.Edge/to"/>
        <graph reference="../../.."/>
        <script>filesOutput -&gt; fileInput;</script>
        <to reference="../../cz.cuni.mff.xrg.odcs.commons.app.pipeline.graph.Edge[2]/from"/>
      </cz.cuni.mff.xrg.odcs.commons.app.pipeline.graph.Edge>
      <cz.cuni.mff.xrg.odcs.commons.app.pipeline.graph.Edge>
        <from>
          <dpuInstance>
            <description></description>
            <menuName>attx-t-describeexternalds</menuName>
            <messageRecords class="org.eclipse.persistence.indirection.IndirectSet"/>
            <name>attx-t-describeexternalds</name>
            <node reference="../.."/>
            <rawConf>&lt;object-stream&gt;
  &lt;MasterConfigObject&gt;
    &lt;configurations&gt;
      &lt;entry&gt;
        &lt;string&gt;dpu_config&lt;/string&gt;
        &lt;string&gt;&amp;lt;object-stream&amp;gt;
  &amp;lt;org.uh.hulib.attx.wc.uv.t.describeexternalds.DescribeExternalDSConfig__V1&amp;gt;
    &amp;lt;title&amp;gt;JYX Files&amp;lt;/title&amp;gt;
    &amp;lt;description&amp;gt;&amp;lt;/description&amp;gt;
    &amp;lt;licence&amp;gt;http://data.hulib.helsinki.fi/attx/onto#Unknown&amp;lt;/licence&amp;gt;
  &amp;lt;/org.uh.hulib.attx.wc.uv.t.describeexternalds.DescribeExternalDSConfig__V1&amp;gt;
&amp;lt;/object-stream&amp;gt;&lt;/string&gt;
      &lt;/entry&gt;
    &lt;/configurations&gt;
  &lt;/MasterConfigObject&gt;
&lt;/object-stream&gt;</rawConf>
            <template>
              <description></description>
              <jarName>attx-t-describeexternalds-1.0-SNAPSHOT.jar</jarName>
              <menuName>attx-t-describeexternalds</menuName>
              <name>attx-t-describeexternalds</name>
              <rawConf>&lt;object-stream&gt;
  &lt;MasterConfigObject&gt;
    &lt;configurations&gt;
      &lt;entry&gt;
        &lt;string&gt;dpu_config&lt;/string&gt;
        &lt;string&gt;&amp;lt;object-stream&amp;gt;
  &amp;lt;org.uh.hulib.attx.wc.uv.t.describeexternalds.DescribeExternalDSConfig__V1&amp;gt;
    &amp;lt;title&amp;gt;&amp;lt;/title&amp;gt;
    &amp;lt;description&amp;gt;&amp;lt;/description&amp;gt;
    &amp;lt;licence&amp;gt;&amp;lt;/licence&amp;gt;
  &amp;lt;/org.uh.hulib.attx.wc.uv.t.describeexternalds.DescribeExternalDSConfig__V1&amp;gt;
&amp;lt;/object-stream&amp;gt;&lt;/string&gt;
      &lt;/entry&gt;
    &lt;/configurations&gt;
  &lt;/MasterConfigObject&gt;
&lt;/object-stream&gt;</rawConf>
              <useDPUDescription>false</useDPUDescription>
            </template>
            <useDPUDescription>false</useDPUDescription>
            <useTemplateConfig>false</useTemplateConfig>
          </dpuInstance>
          <executions class="org.eclipse.persistence.indirection.IndirectSet"/>
          <graph reference="../../../.."/>
          <position>
            <x>682</x>
            <y>206</y>
          </position>
        </from>
        <graph reference="../../.."/>
        <script>metadata -&gt; inputDatasetMetadata;</script>
        <to reference="../../cz.cuni.mff.xrg.odcs.commons.app.pipeline.graph.Edge[2]/to"/>
      </cz.cuni.mff.xrg.odcs.commons.app.pipeline.graph.Edge>
    </edges>
    <nodes>
      <cz.cuni.mff.xrg.odcs.commons.app.pipeline.graph.Node reference="../../edges/cz.cuni.mff.xrg.odcs.commons.app.pipeline.graph.Edge[2]/from"/>
      <cz.cuni.mff.xrg.odcs.commons.app.pipeline.graph.Node reference="../../edges/cz.cuni.mff.xrg.odcs.commons.app.pipeline.graph.Edge/from"/>
      <cz.cuni.mff.xrg.odcs.commons.app.pipeline.graph.Node reference="../../edges/cz.cuni.mff.xrg.odcs.commons.app.pipeline.graph.Edge/to"/>
      <cz.cuni.mff.xrg.odcs.commons.app.pipeline.graph.Node reference="../../edges/cz.cuni.mff.xrg.odcs.commons.app.pipeline.graph.Edge[2]/to"/>
      <cz.cuni.mff.xrg.odcs.commons.app.pipeline.graph.Node reference="../../edges/cz.cuni.mff.xrg.odcs.commons.app.pipeline.graph.Edge[3]/from"/>
      <cz.cuni.mff.xrg.odcs.commons.app.pipeline.graph.Node reference="../../edges/cz.cuni.mff.xrg.odcs.commons.app.pipeline.graph.Edge[6]/from"/>
      <cz.cuni.mff.xrg.odcs.commons.app.pipeline.graph.Node reference="../../edges/cz.cuni.mff.xrg.odcs.commons.app.pipeline.graph.Edge[4]/from"/>
    </nodes>
    <pipeline reference="../.."/>
  </graph>
  <lastChange>2017-12-01 12:50:06.0 UTC</lastChange>
  <name>JYU - Harvest JYX files</name>
  <openEvents class="org.eclipse.persistence.indirection.IndirectSet"/>
  <schedules class="org.eclipse.persistence.indirection.IndirectSet"/>
  <shareType>PRIVATE</shareType>
</cz.cuni.mff.xrg.odcs.commons.app.pipeline.Pipeline>