<list>
  <template>
    <children class="org.eclipse.persistence.indirection.IndirectSet"/>
    <derivedDPUs class="org.eclipse.persistence.indirection.IndirectSet"/>
    <description></description>
    <jarDescription>(commit: 267ebda91e06361506583d849ca7010425c1e071, build timestamp: 2018-07-11 07:00)</jarDescription>
    <jarDirectory>attx-l-replaceds</jarDirectory>
    <jarName>attx-l-replaceds-1.0-SNAPSHOT.jar</jarName>
    <menuName>attx-l-replaceds</menuName>
    <name>attx-l-replaceds</name>
    <rawConf>&lt;object-stream&gt;
  &lt;MasterConfigObject&gt;
    &lt;configurations&gt;
      &lt;entry&gt;
        &lt;string&gt;dpu_config&lt;/string&gt;
        &lt;string&gt;&amp;lt;object-stream&amp;gt;
  &amp;lt;org.uh.hulib.attx.wc.uv.l.replaceds.ReplaceDSConfig__V1/&amp;gt;
&amp;lt;/object-stream&amp;gt;&lt;/string&gt;
      &lt;/entry&gt;
    &lt;/configurations&gt;
  &lt;/MasterConfigObject&gt;
&lt;/object-stream&gt;</rawConf>
    <shareType>PUBLIC_RO</shareType>
    <type>LOADER</type>
    <useDPUDescription>false</useDPUDescription>
  </template>
  <template>
    <children class="org.eclipse.persistence.indirection.IndirectSet"/>
    <derivedDPUs class="org.eclipse.persistence.indirection.IndirectSet"/>
    <description></description>
    <jarDescription>(commit: 97b01c2633d93da65a2f74b5ea064653cfbb5855, build timestamp: 2018-05-31 08:29)</jarDescription>
    <jarDirectory>attx-t-describeds</jarDirectory>
    <jarName>attx-t-describeds-1.0-SNAPSHOT.jar</jarName>
    <menuName>attx-t-describeds</menuName>
    <name>attx-t-describeds</name>
    <rawConf>&lt;object-stream&gt;
  &lt;MasterConfigObject&gt;
    &lt;configurations&gt;
      &lt;entry&gt;
        &lt;string&gt;dpu_config&lt;/string&gt;
        &lt;string&gt;&amp;lt;object-stream&amp;gt;
  &amp;lt;org.uh.hulib.attx.wc.uv.t.describeds.DescribeDSConfig__V1&amp;gt;
    &amp;lt;title&amp;gt;&amp;lt;/title&amp;gt;
    &amp;lt;description&amp;gt;&amp;lt;/description&amp;gt;
  &amp;lt;/org.uh.hulib.attx.wc.uv.t.describeds.DescribeDSConfig__V1&amp;gt;
&amp;lt;/object-stream&amp;gt;&lt;/string&gt;
      &lt;/entry&gt;
    &lt;/configurations&gt;
  &lt;/MasterConfigObject&gt;
&lt;/object-stream&gt;</rawConf>
    <shareType>PUBLIC_RO</shareType>
    <type>TRANSFORMER</type>
    <useDPUDescription>false</useDPUDescription>
  </template>
  <template>
    <children class="org.eclipse.persistence.indirection.IndirectSet"/>
    <derivedDPUs class="org.eclipse.persistence.indirection.IndirectSet"/>
    <description></description>
    <jarDescription>(commit: 97b01c2633d93da65a2f74b5ea064653cfbb5855, build timestamp: 2018-05-31 08:04)</jarDescription>
    <jarDirectory>attx-t-describeexternalds</jarDirectory>
    <jarName>attx-t-describeexternalds-1.0-SNAPSHOT.jar</jarName>
    <menuName>attx-t-describeexternalds</menuName>
    <name>attx-t-describeexternalds</name>
    <rawConf>&lt;object-stream&gt;
  &lt;MasterConfigObject&gt;
    &lt;configurations&gt;
      &lt;entry&gt;
        &lt;string&gt;dpu_config&lt;/string&gt;
        &lt;string&gt;&amp;lt;object-stream&amp;gt;
  &amp;lt;org.uh.hulib.attx.wc.uv.t.describeexternalds.DescribeExternalDSConfig__V1&amp;gt;
    &amp;lt;title&amp;gt;&amp;lt;/title&amp;gt;
    &amp;lt;description&amp;gt;&amp;lt;/description&amp;gt;
    &amp;lt;licence&amp;gt;&amp;lt;/licence&amp;gt;
  &amp;lt;/org.uh.hulib.attx.wc.uv.t.describeexternalds.DescribeExternalDSConfig__V1&amp;gt;
&amp;lt;/object-stream&amp;gt;&lt;/string&gt;
      &lt;/entry&gt;
    &lt;/configurations&gt;
  &lt;/MasterConfigObject&gt;
&lt;/object-stream&gt;</rawConf>
    <shareType>PUBLIC_RO</shareType>
    <type>TRANSFORMER</type>
    <useDPUDescription>false</useDPUDescription>
  </template>
  <template>
    <children class="org.eclipse.persistence.indirection.IndirectSet"/>
    <derivedDPUs class="org.eclipse.persistence.indirection.IndirectSet"/>
    <description></description>
    <jarDescription>(commit: 97b01c2633d93da65a2f74b5ea064653cfbb5855, build timestamp: 2018-05-31 08:50)</jarDescription>
    <jarDirectory>attx-t-rmlservice</jarDirectory>
    <jarName>attx-t-rmlservice-1.0-SNAPSHOT.jar</jarName>
    <menuName>attx-t-rmlservice</menuName>
    <name>attx-t-rmlservice</name>
    <rawConf>&lt;object-stream&gt;
  &lt;MasterConfigObject&gt;
    &lt;configurations&gt;
      &lt;entry&gt;
        &lt;string&gt;dpu_config&lt;/string&gt;
        &lt;string&gt;&amp;lt;object-stream&amp;gt;
  &amp;lt;org.uh.hulib.attx.wc.uv.t.rmlservice.RMLServiceConfig__V1&amp;gt;
    &amp;lt;configuration&amp;gt;&amp;lt;/configuration&amp;gt;
  &amp;lt;/org.uh.hulib.attx.wc.uv.t.rmlservice.RMLServiceConfig__V1&amp;gt;
&amp;lt;/object-stream&amp;gt;&lt;/string&gt;
      &lt;/entry&gt;
    &lt;/configurations&gt;
  &lt;/MasterConfigObject&gt;
&lt;/object-stream&gt;</rawConf>
    <shareType>PUBLIC_RO</shareType>
    <type>TRANSFORMER</type>
    <useDPUDescription>false</useDPUDescription>
  </template>
  <template>
    <children class="org.eclipse.persistence.indirection.IndirectSet"/>
    <derivedDPUs class="org.eclipse.persistence.indirection.IndirectSet"/>
    <description></description>
    <jarDescription>Sends HTTP request, evaluates response and distributes response as file data unit (commit: 2f689ec21593d13d5dfbb5fad8a48e258a9c57f5, build timestamp: 2016-11-11 08:27)</jarDescription>
    <jarDirectory>uv-e-httpRequest</jarDirectory>
    <jarName>uv-e-httpRequest-1.0.0.jar</jarName>
    <menuName>uv-e-httpRequest</menuName>
    <name>uv-e-httpRequest</name>
    <rawConf>&lt;object-stream&gt;
  &lt;MasterConfigObject&gt;
    &lt;configurations&gt;
      &lt;entry&gt;
        &lt;string&gt;dpu_config&lt;/string&gt;
        &lt;string&gt;&amp;lt;object-stream&amp;gt;
  &amp;lt;eu.unifiedviews.plugins.extractor.httprequest.HttpRequestConfig__V1&amp;gt;
    &amp;lt;postRequestDataType&amp;gt;RAW_DATA&amp;lt;/postRequestDataType&amp;gt;
    &amp;lt;requestType&amp;gt;GET&amp;lt;/requestType&amp;gt;
    &amp;lt;charset&amp;gt;UTF-8&amp;lt;/charset&amp;gt;
    &amp;lt;contentType&amp;gt;TEXT&amp;lt;/contentType&amp;gt;
    &amp;lt;requestURL&amp;gt;&amp;lt;/requestURL&amp;gt;
    &amp;lt;rawRequestBody&amp;gt;&amp;lt;/rawRequestBody&amp;gt;
    &amp;lt;useAuthentication&amp;gt;false&amp;lt;/useAuthentication&amp;gt;
    &amp;lt;formDataRequestBody/&amp;gt;
    &amp;lt;fileName&amp;gt;http_response&amp;lt;/fileName&amp;gt;
  &amp;lt;/eu.unifiedviews.plugins.extractor.httprequest.HttpRequestConfig__V1&amp;gt;
&amp;lt;/object-stream&amp;gt;&lt;/string&gt;
      &lt;/entry&gt;
    &lt;/configurations&gt;
  &lt;/MasterConfigObject&gt;
&lt;/object-stream&gt;</rawConf>
    <shareType>PUBLIC_RO</shareType>
    <type>EXTRACTOR</type>
    <useDPUDescription>false</useDPUDescription>
  </template>
</list>