<cz.cuni.mff.xrg.odcs.commons.app.pipeline.Pipeline>
  <description></description>
  <executions class="org.eclipse.persistence.indirection.IndirectSet"/>
  <graph>
    <edges>
      <cz.cuni.mff.xrg.odcs.commons.app.pipeline.graph.Edge>
        <from>
          <dpuInstance>
            <description></description>
            <menuName>uv-e-httpRequest</menuName>
            <messageRecords class="org.eclipse.persistence.indirection.IndirectSet"/>
            <name>uv-e-httpRequest</name>
            <node reference="../.."/>
            <rawConf>&lt;object-stream&gt;
  &lt;MasterConfigObject&gt;
    &lt;configurations&gt;
      &lt;entry&gt;
        &lt;string&gt;dpu_config&lt;/string&gt;
        &lt;string&gt;&amp;lt;object-stream&amp;gt;
  &amp;lt;eu.unifiedviews.plugins.extractor.httprequest.HttpRequestConfig__V1&amp;gt;
    &amp;lt;postRequestDataType&amp;gt;RAW_DATA&amp;lt;/postRequestDataType&amp;gt;
    &amp;lt;requestType&amp;gt;GET&amp;lt;/requestType&amp;gt;
    &amp;lt;charset&amp;gt;UTF-8&amp;lt;/charset&amp;gt;
    &amp;lt;contentType&amp;gt;TEXT&amp;lt;/contentType&amp;gt;
    &amp;lt;requestURL&amp;gt;https://docs.google.com/spreadsheets/d/e/2PACX-1vRGRMvdxPWBqKaHPd0XMJm-5MaLErzLzqAnL3P4geGoUA2OTC5MdpwcJqdcPrjoFM0Mx6DuAUErnvLZ/pub?gid=0&amp;amp;amp;single=true&amp;amp;amp;output=csv&amp;lt;/requestURL&amp;gt;
    &amp;lt;rawRequestBody&amp;gt;&amp;lt;/rawRequestBody&amp;gt;
    &amp;lt;useAuthentication&amp;gt;false&amp;lt;/useAuthentication&amp;gt;
    &amp;lt;formDataRequestBody/&amp;gt;
    &amp;lt;fileName&amp;gt;http_response&amp;lt;/fileName&amp;gt;
  &amp;lt;/eu.unifiedviews.plugins.extractor.httprequest.HttpRequestConfig__V1&amp;gt;
&amp;lt;/object-stream&amp;gt;&lt;/string&gt;
      &lt;/entry&gt;
      &lt;entry&gt;
        &lt;string&gt;addon/faultToleranceWrap&lt;/string&gt;
        &lt;string&gt;&amp;lt;object-stream&amp;gt;
  &amp;lt;eu.unifiedviews.helpers.dpu.extension.faulttolerance.FaultTolerance_-Configuration__V1&amp;gt;
    &amp;lt;enabled&amp;gt;false&amp;lt;/enabled&amp;gt;
    &amp;lt;exceptionNames class=&amp;quot;linked-list&amp;quot;/&amp;gt;
    &amp;lt;maxRetryCount&amp;gt;-1&amp;lt;/maxRetryCount&amp;gt;
  &amp;lt;/eu.unifiedviews.helpers.dpu.extension.faulttolerance.FaultTolerance_-Configuration__V1&amp;gt;
&amp;lt;/object-stream&amp;gt;&lt;/string&gt;
      &lt;/entry&gt;
    &lt;/configurations&gt;
  &lt;/MasterConfigObject&gt;
&lt;/object-stream&gt;</rawConf>
            <template>
              <description></description>
              <jarName>uv-e-httpRequest-1.0.0.jar</jarName>
              <menuName>uv-e-httpRequest</menuName>
              <name>uv-e-httpRequest</name>
              <rawConf>&lt;object-stream&gt;
  &lt;MasterConfigObject&gt;
    &lt;configurations&gt;
      &lt;entry&gt;
        &lt;string&gt;dpu_config&lt;/string&gt;
        &lt;string&gt;&amp;lt;object-stream&amp;gt;
  &amp;lt;eu.unifiedviews.plugins.extractor.httprequest.HttpRequestConfig__V1&amp;gt;
    &amp;lt;postRequestDataType&amp;gt;RAW_DATA&amp;lt;/postRequestDataType&amp;gt;
    &amp;lt;requestType&amp;gt;GET&amp;lt;/requestType&amp;gt;
    &amp;lt;charset&amp;gt;UTF-8&amp;lt;/charset&amp;gt;
    &amp;lt;contentType&amp;gt;TEXT&amp;lt;/contentType&amp;gt;
    &amp;lt;requestURL&amp;gt;&amp;lt;/requestURL&amp;gt;
    &amp;lt;rawRequestBody&amp;gt;&amp;lt;/rawRequestBody&amp;gt;
    &amp;lt;useAuthentication&amp;gt;false&amp;lt;/useAuthentication&amp;gt;
    &amp;lt;formDataRequestBody/&amp;gt;
    &amp;lt;fileName&amp;gt;http_response&amp;lt;/fileName&amp;gt;
  &amp;lt;/eu.unifiedviews.plugins.extractor.httprequest.HttpRequestConfig__V1&amp;gt;
&amp;lt;/object-stream&amp;gt;&lt;/string&gt;
      &lt;/entry&gt;
    &lt;/configurations&gt;
  &lt;/MasterConfigObject&gt;
&lt;/object-stream&gt;</rawConf>
              <useDPUDescription>false</useDPUDescription>
            </template>
            <useDPUDescription>false</useDPUDescription>
            <useTemplateConfig>false</useTemplateConfig>
          </dpuInstance>
          <executions class="org.eclipse.persistence.indirection.IndirectSet"/>
          <graph reference="../../../.."/>
          <position>
            <x>456</x>
            <y>93</y>
          </position>
        </from>
        <graph reference="../../.."/>
        <script>requestOutput -&gt; fileInput;</script>
        <to>
          <dpuInstance>
            <description></description>
            <menuName>attx-t-rmlservice</menuName>
            <messageRecords class="org.eclipse.persistence.indirection.IndirectSet"/>
            <name>attx-t-rmlservice</name>
            <node reference="../.."/>
            <rawConf>&lt;object-stream&gt;
  &lt;MasterConfigObject&gt;
    &lt;configurations&gt;
      &lt;entry&gt;
        &lt;string&gt;dpu_config&lt;/string&gt;
        &lt;string&gt;&amp;lt;object-stream&amp;gt;
  &amp;lt;org.uh.hulib.attx.wc.uv.t.rmlservice.RMLServiceConfig__V1&amp;gt;
    &amp;lt;configuration&amp;gt;@prefix rr: &amp;amp;lt;http://www.w3.org/ns/r2rml#&amp;amp;gt;.
@prefix rml: &amp;amp;lt;http://semweb.mmlab.be/ns/rml#&amp;amp;gt;.
@prefix ql: &amp;amp;lt;http://semweb.mmlab.be/ns/ql#&amp;amp;gt;.
@prefix ex: &amp;amp;lt;http://example.com/ns#&amp;amp;gt;.
@prefix xsd: &amp;amp;lt;http://www.w3.org/2001/XMLSchema#&amp;amp;gt;.
@prefix rdfs: &amp;amp;lt;http://www.w3.org/2000/01/rdf-schema#&amp;amp;gt;.
@prefix attx: &amp;amp;lt;http://data.hulib.helsinki.fi/attx/&amp;amp;gt; .
@prefix attx-work: &amp;amp;lt;http://data.hulib.helsinki.fi/attx/work#&amp;amp;gt; .
@prefix dct: &amp;amp;lt;http://purl.org/dc/terms/&amp;amp;gt; .

&amp;amp;lt;zenodo:handpicked&amp;amp;gt;

    rml:logicalSource [
	     rml:source &amp;amp;quot;{filename}&amp;amp;quot;;
        rml:referenceFormulation ql:CSV
    ];

    rr:subjectMap [
        rr:template &amp;amp;quot;doi:{DOI}&amp;amp;quot; ;
        rr:class attx-work:uh-dataset
    ];

.
&amp;lt;/configuration&amp;gt;
  &amp;lt;/org.uh.hulib.attx.wc.uv.t.rmlservice.RMLServiceConfig__V1&amp;gt;
&amp;lt;/object-stream&amp;gt;&lt;/string&gt;
      &lt;/entry&gt;
    &lt;/configurations&gt;
  &lt;/MasterConfigObject&gt;
&lt;/object-stream&gt;</rawConf>
            <template>
              <description></description>
              <jarName>attx-t-rmlservice-1.0-SNAPSHOT.jar</jarName>
              <menuName>attx-t-rmlservice</menuName>
              <name>attx-t-rmlservice</name>
              <rawConf>&lt;object-stream&gt;
  &lt;MasterConfigObject&gt;
    &lt;configurations&gt;
      &lt;entry&gt;
        &lt;string&gt;dpu_config&lt;/string&gt;
        &lt;string&gt;&amp;lt;object-stream&amp;gt;
  &amp;lt;org.uh.hulib.attx.wc.uv.t.rmlservice.RMLServiceConfig__V1&amp;gt;
    &amp;lt;configuration&amp;gt;&amp;lt;/configuration&amp;gt;
  &amp;lt;/org.uh.hulib.attx.wc.uv.t.rmlservice.RMLServiceConfig__V1&amp;gt;
&amp;lt;/object-stream&amp;gt;&lt;/string&gt;
      &lt;/entry&gt;
    &lt;/configurations&gt;
  &lt;/MasterConfigObject&gt;
&lt;/object-stream&gt;</rawConf>
              <useDPUDescription>false</useDPUDescription>
            </template>
            <useDPUDescription>false</useDPUDescription>
            <useTemplateConfig>false</useTemplateConfig>
          </dpuInstance>
          <executions class="org.eclipse.persistence.indirection.IndirectSet"/>
          <graph reference="../../../.."/>
          <position>
            <x>461</x>
            <y>178</y>
          </position>
        </to>
      </cz.cuni.mff.xrg.odcs.commons.app.pipeline.graph.Edge>
      <cz.cuni.mff.xrg.odcs.commons.app.pipeline.graph.Edge>
        <from reference="../../cz.cuni.mff.xrg.odcs.commons.app.pipeline.graph.Edge/to"/>
        <graph reference="../../.."/>
        <script>datasetURI -&gt; dataURI;</script>
        <to>
          <dpuInstance>
            <description></description>
            <menuName>attx-l-replaceds</menuName>
            <messageRecords class="org.eclipse.persistence.indirection.IndirectSet"/>
            <name>attx-l-replaceds</name>
            <node reference="../.."/>
            <rawConf>&lt;object-stream&gt;
  &lt;MasterConfigObject&gt;
    &lt;configurations&gt;
      &lt;entry&gt;
        &lt;string&gt;dpu_config&lt;/string&gt;
        &lt;string&gt;&amp;lt;object-stream&amp;gt;
  &amp;lt;org.uh.hulib.attx.wc.uv.l.replaceds.ReplaceDSConfig__V1&amp;gt;
    &amp;lt;graphActivity&amp;gt;replace&amp;lt;/graphActivity&amp;gt;
  &amp;lt;/org.uh.hulib.attx.wc.uv.l.replaceds.ReplaceDSConfig__V1&amp;gt;
&amp;lt;/object-stream&amp;gt;&lt;/string&gt;
      &lt;/entry&gt;
    &lt;/configurations&gt;
  &lt;/MasterConfigObject&gt;
&lt;/object-stream&gt;</rawConf>
            <template>
              <description></description>
              <jarName>attx-l-replaceds-1.0-SNAPSHOT.jar</jarName>
              <menuName>attx-l-replaceds</menuName>
              <name>attx-l-replaceds</name>
              <rawConf>&lt;object-stream&gt;
  &lt;MasterConfigObject&gt;
    &lt;configurations&gt;
      &lt;entry&gt;
        &lt;string&gt;dpu_config&lt;/string&gt;
        &lt;string&gt;&amp;lt;object-stream&amp;gt;
  &amp;lt;org.uh.hulib.attx.wc.uv.l.replaceds.ReplaceDSConfig__V1/&amp;gt;
&amp;lt;/object-stream&amp;gt;&lt;/string&gt;
      &lt;/entry&gt;
    &lt;/configurations&gt;
  &lt;/MasterConfigObject&gt;
&lt;/object-stream&gt;</rawConf>
              <useDPUDescription>false</useDPUDescription>
            </template>
            <useDPUDescription>false</useDPUDescription>
            <useTemplateConfig>false</useTemplateConfig>
          </dpuInstance>
          <executions class="org.eclipse.persistence.indirection.IndirectSet"/>
          <graph reference="../../../.."/>
          <position>
            <x>460</x>
            <y>294</y>
          </position>
        </to>
      </cz.cuni.mff.xrg.odcs.commons.app.pipeline.graph.Edge>
      <cz.cuni.mff.xrg.odcs.commons.app.pipeline.graph.Edge>
        <from>
          <dpuInstance>
            <description></description>
            <menuName>attx-t-describeexternalds</menuName>
            <messageRecords class="org.eclipse.persistence.indirection.IndirectSet"/>
            <name>attx-t-describeexternalds</name>
            <node reference="../.."/>
            <rawConf>&lt;object-stream&gt;
  &lt;MasterConfigObject&gt;
    &lt;configurations&gt;
      &lt;entry&gt;
        &lt;string&gt;dpu_config&lt;/string&gt;
        &lt;string&gt;&amp;lt;object-stream&amp;gt;
  &amp;lt;org.uh.hulib.attx.wc.uv.t.describeexternalds.DescribeExternalDSConfig__V1&amp;gt;
    &amp;lt;title&amp;gt;zenodo-handpicked-csv&amp;lt;/title&amp;gt;
    &amp;lt;description&amp;gt;CSV file that contains list of hand-picked DOIs that identify UH&amp;amp;apos;s datasets.&amp;lt;/description&amp;gt;
    &amp;lt;licence&amp;gt;http://data.hulib.helsinki.fi/attx/onto#Unknown&amp;lt;/licence&amp;gt;
  &amp;lt;/org.uh.hulib.attx.wc.uv.t.describeexternalds.DescribeExternalDSConfig__V1&amp;gt;
&amp;lt;/object-stream&amp;gt;&lt;/string&gt;
      &lt;/entry&gt;
    &lt;/configurations&gt;
  &lt;/MasterConfigObject&gt;
&lt;/object-stream&gt;</rawConf>
            <template>
              <description></description>
              <jarName>attx-t-describeexternalds-1.0-SNAPSHOT.jar</jarName>
              <menuName>attx-t-describeexternalds</menuName>
              <name>attx-t-describeexternalds</name>
              <rawConf>&lt;object-stream&gt;
  &lt;MasterConfigObject&gt;
    &lt;configurations&gt;
      &lt;entry&gt;
        &lt;string&gt;dpu_config&lt;/string&gt;
        &lt;string&gt;&amp;lt;object-stream&amp;gt;
  &amp;lt;org.uh.hulib.attx.wc.uv.t.describeexternalds.DescribeExternalDSConfig__V1&amp;gt;
    &amp;lt;title&amp;gt;&amp;lt;/title&amp;gt;
    &amp;lt;description&amp;gt;&amp;lt;/description&amp;gt;
    &amp;lt;licence&amp;gt;&amp;lt;/licence&amp;gt;
  &amp;lt;/org.uh.hulib.attx.wc.uv.t.describeexternalds.DescribeExternalDSConfig__V1&amp;gt;
&amp;lt;/object-stream&amp;gt;&lt;/string&gt;
      &lt;/entry&gt;
    &lt;/configurations&gt;
  &lt;/MasterConfigObject&gt;
&lt;/object-stream&gt;</rawConf>
              <useDPUDescription>false</useDPUDescription>
            </template>
            <useDPUDescription>false</useDPUDescription>
            <useTemplateConfig>false</useTemplateConfig>
          </dpuInstance>
          <executions class="org.eclipse.persistence.indirection.IndirectSet"/>
          <graph reference="../../../.."/>
          <position>
            <x>623</x>
            <y>207</y>
          </position>
        </from>
        <graph reference="../../.."/>
        <script>metadata -&gt; inputDatasetMetadata;</script>
        <to reference="../../cz.cuni.mff.xrg.odcs.commons.app.pipeline.graph.Edge[2]/to"/>
      </cz.cuni.mff.xrg.odcs.commons.app.pipeline.graph.Edge>
      <cz.cuni.mff.xrg.odcs.commons.app.pipeline.graph.Edge>
        <from>
          <dpuInstance>
            <description></description>
            <menuName>attx-t-describeds</menuName>
            <messageRecords class="org.eclipse.persistence.indirection.IndirectSet"/>
            <name>attx-t-describeds</name>
            <node reference="../.."/>
            <rawConf>&lt;object-stream&gt;
  &lt;MasterConfigObject&gt;
    &lt;configurations&gt;
      &lt;entry&gt;
        &lt;string&gt;dpu_config&lt;/string&gt;
        &lt;string&gt;&amp;lt;object-stream&amp;gt;
  &amp;lt;org.uh.hulib.attx.wc.uv.t.describeds.DescribeDSConfig__V1&amp;gt;
    &amp;lt;title&amp;gt;zenodo-handpicked&amp;lt;/title&amp;gt;
    &amp;lt;description&amp;gt;List of dataset DOIs&amp;lt;/description&amp;gt;
  &amp;lt;/org.uh.hulib.attx.wc.uv.t.describeds.DescribeDSConfig__V1&amp;gt;
&amp;lt;/object-stream&amp;gt;&lt;/string&gt;
      &lt;/entry&gt;
    &lt;/configurations&gt;
  &lt;/MasterConfigObject&gt;
&lt;/object-stream&gt;</rawConf>
            <template>
              <description></description>
              <jarName>attx-t-describeds-1.0-SNAPSHOT.jar</jarName>
              <menuName>attx-t-describeds</menuName>
              <name>attx-t-describeds</name>
              <rawConf>&lt;object-stream&gt;
  &lt;MasterConfigObject&gt;
    &lt;configurations&gt;
      &lt;entry&gt;
        &lt;string&gt;dpu_config&lt;/string&gt;
        &lt;string&gt;&amp;lt;object-stream&amp;gt;
  &amp;lt;org.uh.hulib.attx.wc.uv.t.describeds.DescribeDSConfig__V1&amp;gt;
    &amp;lt;title&amp;gt;&amp;lt;/title&amp;gt;
    &amp;lt;description&amp;gt;&amp;lt;/description&amp;gt;
  &amp;lt;/org.uh.hulib.attx.wc.uv.t.describeds.DescribeDSConfig__V1&amp;gt;
&amp;lt;/object-stream&amp;gt;&lt;/string&gt;
      &lt;/entry&gt;
    &lt;/configurations&gt;
  &lt;/MasterConfigObject&gt;
&lt;/object-stream&gt;</rawConf>
              <useDPUDescription>false</useDPUDescription>
            </template>
            <useDPUDescription>false</useDPUDescription>
            <useTemplateConfig>false</useTemplateConfig>
          </dpuInstance>
          <executions class="org.eclipse.persistence.indirection.IndirectSet"/>
          <graph reference="../../../.."/>
          <position>
            <x>306</x>
            <y>208</y>
          </position>
        </from>
        <graph reference="../../.."/>
        <script>metadata -&gt; outputDatasetMetadata;</script>
        <to reference="../../cz.cuni.mff.xrg.odcs.commons.app.pipeline.graph.Edge[2]/to"/>
      </cz.cuni.mff.xrg.odcs.commons.app.pipeline.graph.Edge>
    </edges>
    <nodes>
      <cz.cuni.mff.xrg.odcs.commons.app.pipeline.graph.Node reference="../../edges/cz.cuni.mff.xrg.odcs.commons.app.pipeline.graph.Edge/to"/>
      <cz.cuni.mff.xrg.odcs.commons.app.pipeline.graph.Node reference="../../edges/cz.cuni.mff.xrg.odcs.commons.app.pipeline.graph.Edge/from"/>
      <cz.cuni.mff.xrg.odcs.commons.app.pipeline.graph.Node reference="../../edges/cz.cuni.mff.xrg.odcs.commons.app.pipeline.graph.Edge[2]/to"/>
      <cz.cuni.mff.xrg.odcs.commons.app.pipeline.graph.Node reference="../../edges/cz.cuni.mff.xrg.odcs.commons.app.pipeline.graph.Edge[3]/from"/>
      <cz.cuni.mff.xrg.odcs.commons.app.pipeline.graph.Node reference="../../edges/cz.cuni.mff.xrg.odcs.commons.app.pipeline.graph.Edge[4]/from"/>
    </nodes>
    <pipeline reference="../.."/>
  </graph>
  <lastChange>2018-06-29 08:59:40.0 UTC</lastChange>
  <name>zenodo-manually-picked-uh-datasets</name>
  <openEvents class="org.eclipse.persistence.indirection.IndirectSet"/>
  <schedules class="org.eclipse.persistence.indirection.IndirectSet"/>
  <shareType>PRIVATE</shareType>
</cz.cuni.mff.xrg.odcs.commons.app.pipeline.Pipeline>